-- phpMyAdmin SQL Dump
-- version 2.10.3
-- http://www.phpmyadmin.net
-- 
-- Host: localhost
-- Generation Time: Jan 14, 2012 at 02:37 PM
-- Server version: 5.0.51
-- PHP Version: 5.2.6

SET SQL_MODE="NO_AUTO_VALUE_ON_ZERO";

-- 
-- Database: `zend`
-- 

-- --------------------------------------------------------

-- 
-- Table structure for table `chitietdonhang`
-- 

CREATE TABLE `chitietdonhang` (
  `id_chitietdonhang` int(10) unsigned NOT NULL auto_increment,
  `id_donhang` int(10) unsigned NOT NULL,
  `id_sanpham` int(10) unsigned NOT NULL,
  `gia` int(10) unsigned NOT NULL,
  `soluong` int(10) unsigned NOT NULL,
  PRIMARY KEY  (`id_chitietdonhang`)
) ENGINE=InnoDB  DEFAULT CHARSET=utf8 AUTO_INCREMENT=6 ;

-- 
-- Dumping data for table `chitietdonhang`
-- 

INSERT INTO `chitietdonhang` VALUES (1, 1316487643, 12, 12430000, 1);
INSERT INTO `chitietdonhang` VALUES (2, 1316487643, 11, 15240000, 1);
INSERT INTO `chitietdonhang` VALUES (3, 1326511813, 12, 12430000, 2);
INSERT INTO `chitietdonhang` VALUES (4, 1326512624, 9, 14200000, 1);
INSERT INTO `chitietdonhang` VALUES (5, 1326512624, 12, 12430000, 1);

-- --------------------------------------------------------

-- 
-- Table structure for table `donhang`
-- 

CREATE TABLE `donhang` (
  `id_donhang` int(10) unsigned NOT NULL auto_increment,
  `username` varchar(50) NOT NULL,
  `nguoinhan` varchar(50) character set utf8 collate utf8_unicode_ci NOT NULL,
  `ngaylap` date NOT NULL,
  `ngaygiao` date NOT NULL,
  `ghichu` text NOT NULL,
  PRIMARY KEY  (`id_donhang`)
) ENGINE=InnoDB  DEFAULT CHARSET=utf8 AUTO_INCREMENT=1326512625 ;

-- 
-- Dumping data for table `donhang`
-- 

INSERT INTO `donhang` VALUES (1316455337, 'thaithuan', 'Thái Thuận', '2011-09-20', '0000-00-00', '2');
INSERT INTO `donhang` VALUES (1316455548, 'thaithuan', 'Thái Thuận', '2011-09-20', '0000-00-00', '2');
INSERT INTO `donhang` VALUES (1316455830, 'thaithuan', 'Thái Thuận', '2011-09-20', '0000-00-00', '2');
INSERT INTO `donhang` VALUES (1316455850, 'thaithuan', 'Thái Thuận', '2011-09-20', '0000-00-00', '2');
INSERT INTO `donhang` VALUES (1316485984, 'thaithuan', 'Thái Thuận', '2011-09-20', '2011-01-01', 'sdfjh');
INSERT INTO `donhang` VALUES (1316486036, 'thaithuan', 'Thái Thuận', '2011-09-20', '2011-01-01', 'sdfjh');
INSERT INTO `donhang` VALUES (1316486759, 'thaithuan', 'Thái Thuận', '2011-09-20', '2011-01-01', 'sdfjh');
INSERT INTO `donhang` VALUES (1316486835, 'thaithuan', 'Thái Thuận', '2011-09-20', '2011-01-01', 'sdfjh');
INSERT INTO `donhang` VALUES (1316486863, 'thaithuan', 'Thái Thuận', '2011-09-20', '2011-01-01', 'dsf');
INSERT INTO `donhang` VALUES (1316486944, 'thaithuan', 'Thái Thuận', '2011-09-20', '2011-01-01', 'l');
INSERT INTO `donhang` VALUES (1316486988, 'thaithuan', 'Thái Thuận', '2011-09-20', '2011-01-01', 'i;');
INSERT INTO `donhang` VALUES (1316487052, 'thaithuan', 'Thái Thuận', '2011-09-20', '2011-01-01', 'yu');
INSERT INTO `donhang` VALUES (1316487164, 'thaithuan', 'Thái Thuận', '2011-09-20', '2011-01-01', '2');
INSERT INTO `donhang` VALUES (1316487226, 'thaithuan', 'Thái Thuận', '2011-09-20', '2011-01-01', '2');
INSERT INTO `donhang` VALUES (1316487399, 'thaithuan', 'Thái Thuận', '2011-09-20', '2011-01-01', '2');
INSERT INTO `donhang` VALUES (1316487628, 'thaithuan', 'Thái Thuận', '2011-09-20', '2011-01-01', '2');
INSERT INTO `donhang` VALUES (1316487643, 'thaithuan', 'Thái Thuận', '2011-09-20', '2011-01-01', '2');
INSERT INTO `donhang` VALUES (1316487695, 'thaithuan', 'Thái Thuận', '2011-09-20', '2011-01-01', '2');
INSERT INTO `donhang` VALUES (1326511813, 'good', 'good', '2012-01-14', '0000-00-00', 'giao hang tan noi');
INSERT INTO `donhang` VALUES (1326512624, 'good', 'good', '2012-01-14', '0000-00-00', 'f');

-- --------------------------------------------------------

-- 
-- Table structure for table `hangsx`
-- 

CREATE TABLE `hangsx` (
  `id_hangsx` varchar(100) NOT NULL,
  `tenhang` varchar(255) NOT NULL,
  PRIMARY KEY  USING BTREE (`id_hangsx`)
) ENGINE=InnoDB DEFAULT CHARSET=utf8;

-- 
-- Dumping data for table `hangsx`
-- 

INSERT INTO `hangsx` VALUES ('acer', 'Acer');
INSERT INTO `hangsx` VALUES ('apple', 'Apple');
INSERT INTO `hangsx` VALUES ('asus', 'ASUS');
INSERT INTO `hangsx` VALUES ('dell', 'Dell');
INSERT INTO `hangsx` VALUES ('hp', 'HP');
INSERT INTO `hangsx` VALUES ('toshiba', 'TOSHIBA');

-- --------------------------------------------------------

-- 
-- Table structure for table `khuyenmai`
-- 

CREATE TABLE `khuyenmai` (
  `id_khuyenmai` int(10) unsigned NOT NULL auto_increment,
  `tieude` text NOT NULL,
  `trichdan` text character set utf8 collate utf8_unicode_ci NOT NULL,
  `noidung` text NOT NULL,
  `ngaydang` date NOT NULL,
  PRIMARY KEY  (`id_khuyenmai`)
) ENGINE=InnoDB  DEFAULT CHARSET=utf8 AUTO_INCREMENT=8 ;

-- 
-- Dumping data for table `khuyenmai`
-- 

INSERT INTO `khuyenmai` VALUES (1, 'Khai trương hoành tráng xả láng nhận quà', '<p>\r\n	Từ 1/9 đến 8/10/2011, C&ocirc;ng ty TNHH Điện Tử Samsung Vina thực hiện chương tr&igrave;nh <a href=\\"\\\\\\">khuyến mại</a> &aacute;p dụng cho c&aacute;c d&ograve;ng m&agrave;n h&igrave;nh m&aacute;y vi t&iacute;nh, m&aacute;y t&iacute;nh x&aacute;ch tay v&agrave; m&aacute;y in Samsung.</p>\r\n', '<p>\r\n	Từ 1/9 đến 8/10/2011, C&ocirc;ng ty TNHH Điện Tử Samsung Vina thực hiện chương tr&igrave;nh <a href=\\"\\\\\\">khuyến mại</a> &aacute;p dụng cho c&aacute;c d&ograve;ng m&agrave;n h&igrave;nh m&aacute;y vi t&iacute;nh, m&aacute;y t&iacute;nh x&aacute;ch tay v&agrave; m&aacute;y in Samsung. Theo đ&oacute; tất cả c&aacute;c kh&aacute;ch h&agrave;ng ti&ecirc;u d&ugrave;ng cuối tr&ecirc;n to&agrave;n quốc khi mua c&aacute;c sản phẩm tr&ecirc;n của Samsung sẽ được tặng ngay qu&agrave; tặng cực &quot;kool&quot;.</p>\r\n<p>\r\n	- Mua sản phẩm m&agrave;n h&igrave;nh m&aacute;y t&iacute;nh Samsung sẽ nhận được 1 chuột quang Genius trị gi&aacute; 99.000 VNĐ (số lượng 25.000 chiếc)</p>\r\n<p>\r\n	- Mua sản phẩm m&aacute;y t&iacute;nh x&aacute;ch tay Samsung, sẽ nhận được 1 ba l&ocirc; Samsung trị gi&aacute; : 500.000 vnd (số lượng 9.000 chiếc)</p>\r\n<p>\r\n	- Mua sản phẩm m&aacute;y in Samsung, sẽ nhận được 1 n&oacute;n bảo hiểm Andes, trị gi&aacute; 180.000 vnd (số lượng 3.500 chiếc).</p>\r\n<p>\r\n	Chương tr&igrave;nh &aacute;p dụng cho c&aacute;c kh&aacute;ch h&agrave;ng mua sản phẩm m&agrave;n h&igrave;nh m&aacute;y t&iacute;nh do C&ocirc;ng ty TNHH Điện Tử Samsung Vina sản xuất hoặc nhập khẩu tại c&aacute;c Hệ thống Đại l&yacute; tr&ecirc;n to&agrave;n quốc</p>\r\n<p>\r\n	KhuyenMaiShock.com&nbsp;xin lưu &yacute;:</p>\r\n<p>\r\n	- Qu&agrave; tặng ngay tại c&aacute;c điểm mua h&agrave;ng l&agrave; c&aacute;c Đại l&yacute; của Samsung tr&ecirc;n to&agrave;n quốc.</p>\r\n<p>\r\n	- Qu&agrave; tặng kh&ocirc;ng được quy đổi th&agrave;nh tiền mặt.</p>\r\n<p>\r\n	- Số lượng qu&agrave; tặng c&oacute; thể hết trước khi chương tr&igrave;nh kết th&uacute;c v&agrave; Samsung c&oacute; quyền kết th&uacute;c chương tr&igrave;nh m&agrave; kh&ocirc;ng cần th&ocirc;ng b&aacute;o trước.</p>\r\n', '2011-09-28');
INSERT INTO `khuyenmai` VALUES (2, 'Khuyến mại chào năm học mới 2011', 'Từ ngày 1 đến 14/9, Phúc Anh computer World gửi đến quý khách hàng chương trình "I''m a student". Trong chương trình này khách hàng sẽ được sở hữu nhiều sản phẩm với giá ưu đãi.', '<p>Từ ngày 1 đến 14/9, Phúc Anh computer World gửi đến quý khách hàng chương trình "I''m a student". Trong chương trình này khách hàng sẽ được sở hữu nhiều sản phẩm với giá ưu đãi.</p>\r\n  <p>Khách hàng có cơ hội sở hữu bộ quà tặng cao cấp gồm: Tai nghe Bluetooth Samsung HM3100 trị giá 800.000 đồng cùng bao da Samsung EP-C980N, đĩa CD phần mềm Việt và thẻ Data 3G (9 GB) khi mua máy tính bảng Samsung Galaxy Tab P1000 ARM.</p>\r\n  <p>Máy tính xách tay Lenovo 3000 G470- 59-306452 (Core i3-2310M, Ram 3 GB, HDD 500 GB) giá khuyến mại chỉ còn 10.490.000 đồng.</p>', '2011-09-10');
INSERT INTO `khuyenmai` VALUES (3, 'Laptop cấu hình khủng giảm 2 triệu đồng (tới 30/9)', 'Từ ngày 27/8 đến hết ngày 2/9, Viễn Thông A giới thiệu chương trình"Tuần lễ vàng laptop HP - Cấu hình khủng giá siêu hot".', '<p>Từ ngày 27/8 đến hết ngày 2/9, Viễn Thông A giới thiệu chương trình"Tuần lễ vàng laptop HP - Cấu hình khủng giá siêu hot".</p>\r\n   <p>Theo đó, tất cả các khách hàng mua <a href="http://www.khuyenmaishock.com/laptop.html">laptop</a> HP G42 - 465TX core i5-480, Ram 2 GB, HDD 500 GB, card đồ họa rời, cao cấp ATI HD6370 1 GB và HP G4-1035TU-4G core i3-390, RAM 4 GB, HDD 500 GB sẽ nhận ngay nhiều ưu đãi từ chương trình như: giảm ngay 2 triệu đồng trên giá bán và được tặng thêm USB 4 GB.</p>', '2011-09-11');
INSERT INTO `khuyenmai` VALUES (4, 'Khuyến mại máy tính bảng Acer Iconia A500 (đến 31/9)', 'Nhằm đem lại niềm vui cho khách hàng khi mua máy tính bảng, từ ngày nay đến 31/08/2011 khi khách hàng mua sản phẩm Acer Iconia A500 tại Thế Giới Di Động sẽ được tặng bộ quà hấp dẫn trị giá hơn 3 triệu đồng', '<p>Nhằm đem lại niềm vui cho khách hàng khi mua máy tính bảng, từ ngày nay đến 31/08/2011 khi khách hàng mua sản phẩm Acer Iconia A500 tại Thế Giới Di Động sẽ được tặng bộ quà hấp dẫn trị giá hơn 3 triệu đồng.</p>\r\n                      <p>Bộ quà <a href="http://www.khuyenmaishock.com/">khuyến mại</a> bao gồm: </p>\r\n                      <p>- Túi bảo vệ</p>\r\n                      <p>- Nồi cơm nắp gài Sharp KS-19ETV</p>\r\n                      <p>- Bình thủy điện tự đun sôi Sanyo U-CC30E</p>', '2011-09-12');
INSERT INTO `khuyenmai` VALUES (5, 'Khuyến mại bảo hành miễn phí 3 năm cho laptop (đến 2/9)', 'Mừng tân sinh viên, Mừng Quốc Khánh 2-9, LiTeK laptop mang tới khách hàng chương trình khuyến mại cực shock. Khách hàng mua hàng trong thời gian từ ngày 13/8/2011 tới hết ngày 2/9/2011 sẽ được  bảo hành miễn phí 3 năm', '<p>Mừng tân sinh viên, Mừng Quốc Khánh 2-9, LiTeK laptop mang tới khách hàng chương trình khuyến mại cực shock. Khách hàng mua hàng trong thời gian từ ngày 13/8/2011 tới hết ngày 2/9/2011 sẽ được  bảo hành miễn phí 3 năm.</p>\r\n   <p>KhuyenMaiShock.com xin lưu ý: Khuyến mại bảo hành chỉ áp dụng cho các sản phẩm sau:</p>\r\n   <p>-Laptop, netbook ( không áp dụng cho máy tính bảng, All in one, PC)</p>\r\n   <p>-Laptop chính hãng, laptop nhập khẩu mới 100%, laptop Factory Refurbished</p>\r\n   <p>-Bảo hành miễn phí tối đa 3 năm  cho mọi loại laptop (Pin+adapter bảo hành 1 năm),</p>', '2011-09-13');
INSERT INTO `khuyenmai` VALUES (6, 'Nhận quà khi mua máy tính xách tay Toshiba (đến 31/10)', 'Từ ngày 15 đến 31/7, hãng Toshiba kết hợp với Viettel dành tặng 150 phần quà, mỗi phần trị giá 500.000 đồng cho 150 khách hàng đầu tiên khi mua máy tính xách tay Toshiba tại 16 siêu thị <a href="http://www.khuyenmaishock.com/viettel.html">Viettel</a> trên toàn quốc.', '<p>Từ ngày 15 đến 31/7, hãng Toshiba kết hợp với Viettel dành tặng 150 phần quà, mỗi phần trị giá 500.000 đồng cho 150 khách hàng đầu tiên khi mua máy tính xách tay Toshiba tại 16 siêu thị <a href="http://www.khuyenmaishock.com/viettel.html">Viettel</a> trên toàn quốc.</p>', '2011-09-14');
INSERT INTO `khuyenmai` VALUES (7, 'Máy tính bảng ZTE V9 khuyến mại duy nhất trong 3 ngày (đến 18/9)', 'Từ 16/9 đến cuối tháng 9/2011, tại Thegioididong.com và Dienmay.com, một loạt chương trình khuyến mại hấp dẫn sẽ được tung ra hứa hẹn mang đến cơ hội mua sắm ưu đãi cho người tiêu dùng. Theo đó bạn có cơ hội sở hữu chiếc máy tính bảng ZTE V9, điện thoại HTC cùng nhiều sản phẩm công nghệ, đồ điện tử điện lạnh khác với giá không thể tuyệt vời hơn.', '<p>1. <a href="http://www.khuyenmaishock.com/">Khuyến mại</a> máy tính bảng ZTE V9 (diễn ra trong 3 ngày 16, 17, 18/9)</p>\r\n   <p>- Chiếc máy tính bảng ZTE V9 sẽ được giảm đến 500.000đ, chỉ còn 6.400.000đ; đồng thời tặng thêm bộ quà tặng trị giá đến 1.744.000đ bao gồm: miếng dán màn hình trị giá 175.000đ, tai nghe bluetooth Nokia trị giá 1.050.000đ và thẻ nhớ T-Flash 8G trị giá đến 519.000đ.</p>\r\n\r\n<p>- Ngoài ra khách hàng sẽ được giảm giá thêm khi mua các sản phẩm sau: giảm 30% khi mua phần mềm diệt virút Android, giảm 20% khi mua các loại loa TD V1, V7, M11, TD-03KTS. Chương trình được áp dụng trên toàn hệ thống Thegioididong.com và Dienmay.com trên toàn quốc.</p>\r\n</p>\r\n<p>2. Lễ hội đẳng cấp HTC (diễn ra từ 8h30 – 22h các ngày 23, 24, 25/9)</p>\r\n   <p>Chương trình nhằm tạo ra một không gian mua sắm dành cho khách hàng HTC tại Thegioididong.com.</p>\r\n   <p>HTC và Thegioididong.com sẽ phát hành khoảng 10.000 thư mời đến những khách hàng đã mua Smartphone trong thời gian qua tại Thegioididong.com tại các khu vực TPHCM, Hà Nội , Đồng Nai, Đà Nẵng. Khách hàng mang thiệp mời này đến Thegioididong.com tại các địa điểm sau trong thời gian diễn ra chương trình sẽ nhận được những ưu đãi "đẳng cấp".</p>\r\n\r\n   <p>3. Giảm giá shock nhiều mặt hàng công nghệ, điện tử</p>\r\n   <p>Và cuối cùng là ưu đãi trong vòng 11 ngày từ 20-30/9, diễn ra tại siêu thị Dienmay.com trên toàn quốc. Mỗi ngày tại các siêu thị này sẽ có 1001 sản phẩm được bán với giá sốc để phục vụ người tiêu dùng. Các sản phẩm được bán với giá sốc bao gồm điện thoại di động, điện thoại bàn, laptop, usb, tai nghe, chuột, loa, tivi, máy lạnh, tủ lạnh, máy giặt, máy chụp hình và hàng trăm các sản phẩm điện tử, điện lạnh, điện gia dụng khác.</p>\r\n   <p>Danh sách sản phẩm giá sốc sẽ được thay đổi mỗi ngày để ngừoi tiêu dùng có thêm nhiều sự lựa chọn cho mình và sẽ được cập nhật mỗi ngày trên website www.dienmay.com. Khách hàng cũng có thể gọi điện đến tổng đài 1900 561 292 để biết chi tiết sản phẩm giảm giá mỗi ngày.</p>', '2011-09-15');

-- --------------------------------------------------------

-- 
-- Table structure for table `nhomhang`
-- 

CREATE TABLE `nhomhang` (
  `id_nhom` varchar(100) NOT NULL default '',
  `tennhom` varchar(255) NOT NULL,
  `id_hangsx` varchar(100) NOT NULL,
  PRIMARY KEY  (`id_nhom`)
) ENGINE=InnoDB DEFAULT CHARSET=utf8;

-- 
-- Dumping data for table `nhomhang`
-- 

INSERT INTO `nhomhang` VALUES ('aseries', 'A Series', 'asus');
INSERT INTO `nhomhang` VALUES ('aspire', 'Acer Aspire', 'acer');
INSERT INTO `nhomhang` VALUES ('compaq', 'HP Compaq', 'hp');
INSERT INTO `nhomhang` VALUES ('inspiron', 'Dell Inspiron', 'dell');
INSERT INTO `nhomhang` VALUES ('kseries', 'K Series', 'asus');
INSERT INTO `nhomhang` VALUES ('laptop', 'Laptop', 'apple');
INSERT INTO `nhomhang` VALUES ('pavilon', 'HP Pavilon', 'hp');
INSERT INTO `nhomhang` VALUES ('portege', 'TOSHIBA Portege', 'toshiba');
INSERT INTO `nhomhang` VALUES ('probook', 'HP Probook', 'hp');
INSERT INTO `nhomhang` VALUES ('qosmio', 'TOSHIBA Qosmio', 'toshiba');
INSERT INTO `nhomhang` VALUES ('satellite', 'TOSHIBA Satellite', 'toshiba');
INSERT INTO `nhomhang` VALUES ('tablet', 'Tablet', 'apple');
INSERT INTO `nhomhang` VALUES ('timeline', 'Acer Timeline', 'acer');
INSERT INTO `nhomhang` VALUES ('useries', 'U Series', 'asus');
INSERT INTO `nhomhang` VALUES ('xps', 'Dell XPS', 'dell');

-- --------------------------------------------------------

-- 
-- Table structure for table `sanpham`
-- 

CREATE TABLE `sanpham` (
  `id_sanpham` int(10) unsigned NOT NULL auto_increment,
  `tensp` varchar(255) NOT NULL,
  `hinh` varchar(100) NOT NULL,
  `gia` int(10) unsigned NOT NULL,
  `mota` text NOT NULL,
  `chitiet` text NOT NULL,
  `ghichu` text character set utf8 collate utf8_unicode_ci NOT NULL,
  `id_nhom` varchar(100) NOT NULL,
  PRIMARY KEY  (`id_sanpham`)
) ENGINE=InnoDB  DEFAULT CHARSET=utf8 AUTO_INCREMENT=13 ;

-- 
-- Dumping data for table `sanpham`
-- 

INSERT INTO `sanpham` VALUES (1, 'HP G4 1038TU LQ877PA', 'hp1.jpg', 12000000, '<table border="0" cellpadding="0" cellspacing="0" width="100%">\r\n              <tbody><tr valign="top">\r\n                <td width="200"><div align="center"><a onclick="return openImageNews(this,346,474)" href="./multidata/sanpham/1113326674608G4.jpg" )="" border="0"><img src="multidata/sanpham/1113326674608G4_200x200_small.jpg" border="0"></a><br><br><br>\r\n                  </div>                </td>\r\n                <td width="10">&nbsp;</td>\r\n                <td><table border="0" cellpadding="0" cellspacing="2" width="100%">\r\n                    <tbody><tr valign="top"> \r\n                      <td colspan="3" class="tensp" height="30" valign="middle"><strong>HP G4 1038TU LQ877PA</strong></td>\r\n\r\n                    </tr>\r\n                    <tr valign="top">\r\n                      <td background="images/line-break2.gif"><img src="images/line-break2.gif" height="5" width="173"></td>\r\n                    </tr>\r\n                    <tr valign="top">\r\n                      <td class="thongtinsp">&nbsp;</td>\r\n                    </tr>\r\n                    <tr valign="top">\r\n                      <td class="thongtinsp"><strong><font color="#ff0000">HP G4 1038TU LQ877PA<br></font></strong>- Intel <strong>Core i5-480M</strong> 2.66GHz<br>- DDRAM 4GB/1333<br>- HDD 500GB<br>- Intel HD Upto 1050MB<br>- DVD-RW<br>- Card Reader 2.1<br>- 14.0" HDBV LED - HDMI - Webcam<br>- LAN 10/100 - Wireless N - Bluetooth<br>- Weight 2.1Kg - Battery 6 Cell<br>- OS Option </td>\r\n\r\n                    </tr>\r\n                  </tbody></table>\r\n                  <table border="0" cellpadding="0" cellspacing="2" width="100%">\r\n                    <tbody><tr valign="top">\r\n                      <td>&nbsp;</td>\r\n                    </tr>\r\n                    <tr valign="top">\r\n                      <td background="images/line-break2.gif"><img src="images/line-break2.gif" height="5" width="173"></td>\r\n                    </tr>\r\n\r\n                    <tr valign="top"> \r\n                      <td><b>Thông số</b></td>\r\n                    </tr>\r\n                    <tr>\r\n						<td align="center"><strong style="color: rgb(102, 102, 102);">Khuyến mãi:</strong> Tặng 400.000đ (16/09 -&gt; 30/9)</td>\r\n						</tr>					<tr valign="top"> \r\n                      <td><table border="0" cellpadding="0" cellspacing="0" width="100%">\r\n\r\n                <tbody><tr>\r\n                  <td width="120px"><strong style="color: rgb(102, 102, 102);">Giá bán:&nbsp;&nbsp; </strong></td>\r\n                  <td width="150px"><strong style="color: rgb(255, 0, 0);">12,182,000 VNĐ</strong>\r\n				  	<br>Giá trên chưa bao gồm VAT				  </td>\r\n                </tr>\r\n              </tbody></table>', '<table border="0" cellpadding="0" cellspacing="2" width="360" >\r\n    <tbody>\r\n         <tr valign="top">\r\n              <td class="thongtinsp"><strong><font color="#ff0000">HP G4 1038TU LQ877PA<br></font></strong>- Intel <strong>Core i5-480M</strong> 2.66GHz<br>- DDRAM 4GB/1333<br>- HDD 500GB<br>- Intel HD Upto 1050MB<br>- DVD-RW<br>- Card Reader 2.1<br>- 14.0" HDBV LED - HDMI - Webcam<br>- LAN 10/100 - Wireless N - Bluetooth<br>- Weight 2.1Kg - Battery 6 Cell<br>- OS Option </td>\r\n         </tr>\r\n    </tbody>\r\n</table>', 'Khuyến mãi: Tặng 400.000đ (16/09 -> 30/9)', 'pavilon');
INSERT INTO `sanpham` VALUES (2, 'HP G4 1040TX LQ878PA', 'hp2.jpg', 12500000, '<table border="0" cellpadding="0" cellspacing="2" width="100%">\r\n                    <tbody><tr valign="top"> \r\n                      <td colspan="3" class="tensp" height="30" valign="middle"><strong>HP G4 1040TX LQ878PA</strong></td>\r\n                    </tr>\r\n                    <tr valign="top">\r\n                      <td background="images/line-break2.gif"><img src="/hoithao/public/images/line-break2.gif" height="5" \r\r\nwidth="173"></td>\r\n\r\n                    </tr>\r\n                    <tr valign="top">\r\n                      <td class="thongtinsp">&nbsp;</td>\r\n                    </tr>\r\n                    <tr valign="top">\r\n                      <td class="thongtinsp"><strong><font color="#ff0000">HP G4 1040TX LQ878PA<br></font></strong>- Intel \r\r\n<strong>Core i3-390M</strong> 2.66GHz<br>- DDRAM 2GB/1333<br>- HDD 640GB<br><strong>- ATI HD 6470M 1GB upto \r\r\n1722MB<br></strong>- DVD-RW<br>- Card Reader 2.1<br>- 14.0" HDBV LED - HDMI - Webcam<br>- LAN 10/100 - Wireless N - \r\r\nBluetooth<br>- Weight 2.1Kg - Battery 6 Cell<br>- OS Option </td>\r\n\r\n                    </tr>\r\n                  </tbody></table>\r\n                  <table border="0" cellpadding="0" cellspacing="2" width="100%">\r\n                    <tbody><tr valign="top">\r\n                      <td>&nbsp;</td>\r\n                    </tr>\r\n                    <tr valign="top">\r\n                      <td background="/hoithao/public/images/line-break2.gif"><img src="images/line-break2.gif" height="5" \r\r\nwidth="173"></td>\r\n                    </tr>\r\n\r\n                    <tr valign="top"> \r\n                      <td><b>Thông số</b></td>\r\n                    </tr>\r\n                    					<tr valign="top"> \r\n                      <td><table border="0" cellpadding="0" cellspacing="0" width="100%">\r\n                <tbody><tr>\r\n                  <td width="120px"><strong style="color: rgb(102, 102, 102);">Giá bán:&nbsp;&nbsp; </strong></td>\r\n                  <td width="150px"><strong style="color: rgb(255, 0, 0);">12,545,000 VNĐ</strong>\r\n\r\n				  	<br>Giá trên chưa bao gồm VAT				  </td>\r\n                </tr>\r\n              </tbody></table>', '<table border="0" cellpadding="0" cellspacing="2" width="100%">\r\n                    <tbody>\r\n                    <tr valign="top">\r\n                      <td class="thongtinsp"><strong><font color="#ff0000">HP G4 1040TX LQ878PA<br></font></strong>- Intel \r\n\r\n<strong>Core i3-390M</strong> 2.66GHz<br>- DDRAM 2GB/1333<br>- HDD 640GB<br><strong>- ATI HD 6470M 1GB upto \r\n\r\n1722MB<br></strong>- DVD-RW<br>- Card Reader 2.1<br>- 14.0" HDBV LED - HDMI - Webcam<br>- LAN 10/100 - Wireless N - \r\n\r\nBluetooth<br>- Weight 2.1Kg - Battery 6 Cell<br>- OS Option </td>\r\n\r\n                    </tr>\r\n                  </tbody></table>\r\n                 ', '', 'pavilon');
INSERT INTO `sanpham` VALUES (3, 'HP Pavilion G6 1100TU (LK808PA)', 'hp3.jpg', 14200000, '<table border="0" cellpadding="0" cellspacing="2" width="100%">\r\n                    <tbody><tr valign="top"> \r\n                      <td colspan="3" class="tensp" height="30" valign="middle"><strong>HP Pavilion G6 1100TU (LK808PA)</strong></td>\r\n\r\n                    </tr>\r\n                    <tr valign="top">\r\n                      <td background="images/line-break2.gif"><img src="/hoithao/public/images/line-break2.gif" height="5" width="173"></td>\r\n                    </tr>\r\n                    <tr valign="top">\r\n                      <td class="thongtinsp">&nbsp;</td>\r\n                    </tr>\r\n                    <tr valign="top">\r\n                      <td class="thongtinsp"><strong><font color="#ff0000">HP Pavilion G6 1100TU</font> (LK808PA)<br></strong>- Intel <strong>Core i3-2310M</strong> 2.2GHz<br>- DDRAM 2GB/1333<br>- HDD 500GB<br>-&nbsp;<strong>Intel HD3000 upto&nbsp;805MB<br></strong>- DVD-RW<br>- Card Reader - eSATA<br>- 15.6" HD LED - HDMI - Webcam<br>- LAN 10/100/1000 - Wireless - Bluetooth<br>- Weight 2.5Kg - Battery 6 Cell<br>- OS Option </td>\r\n\r\n                    </tr>\r\n                  </tbody></table>\r\n                  <table border="0" cellpadding="0" cellspacing="2" width="100%">\r\n                    <tbody><tr valign="top">\r\n                      <td>&nbsp;</td>\r\n                    </tr>\r\n                    <tr valign="top">\r\n                      <td background="images/line-break2.gif"><img src="/hoithao/public/images/line-break2.gif" height="5" width="173"></td>\r\n                    </tr>\r\n\r\n                    <tr valign="top"> \r\n                      <td><b>Thông số</b></td>\r\n                    </tr>\r\n                    					<tr valign="top"> \r\n                      <td><table border="0" cellpadding="0" cellspacing="0" width="100%">\r\n                <tbody><tr>\r\n                  <td width="120px"><strong style="color: rgb(102, 102, 102);">Giá bán:&nbsp;&nbsp; </strong></td>\r\n                  <td width="150px"><strong style="color: rgb(255, 0, 0);">10,635,000 VNĐ</strong>\r\n\r\n				  	<br>Giá trên chưa bao gồm VAT				  </td>\r\n                </tr>\r\n              </tbody></table>', '<table border="0" cellpadding="0" cellspacing="2" width="100%">\r\n                    <tbody>\r\n                    <tr valign="top">\r\n                      <td class="thongtinsp"><strong><font color="#ff0000">HP Pavilion G6 1100TU</font> (LK808PA)<br></strong>- Intel <strong>Core i3-2310M</strong> 2.2GHz<br>- DDRAM 2GB/1333<br>- HDD 500GB<br>-&nbsp;<strong>Intel HD3000 upto&nbsp;805MB<br></strong>- DVD-RW<br>- Card Reader - eSATA<br>- 15.6" HD LED - HDMI - Webcam<br>- LAN 10/100/1000 - Wireless - Bluetooth<br>- Weight 2.5Kg - Battery 6 Cell<br>- OS Option </td>\r\n\r\n                    </tr>\r\n                  </tbody></table>', '', 'pavilon');
INSERT INTO `sanpham` VALUES (4, 'HP Pavilion DM1 3016AU (LQ862PA)', 'hp4.jpg', 15300000, '<table border="0" cellpadding="0" cellspacing="2" width="100%">\r\n                    <tbody><tr valign="top"> \r\n                      <td colspan="3" class="tensp" height="30" valign="middle"><strong>HP Pavilion DM1 3016AU (LQ862PA)</strong></td>\r\n                    </tr>\r\n                    <tr valign="top">\r\n                      <td background="images/line-break2.gif"><img src="/hoithao/public/images/line-break2.gif" height="5" width="173"></td>\r\n                    </tr>\r\n                    <tr valign="top">\r\n                      <td class="thongtinsp">&nbsp;</td>\r\n\r\n                    </tr>\r\n                    <tr valign="top">\r\n                      <td class="thongtinsp"><strong><font color="#ff0000">HP Pavilion DM1 3016AU</font><font color="#000000"> (LQ862PA)</font></strong><br>- <strong>AMD Dual Core E350</strong> 1.6GHz<br>- DDRAM 2GB/1333<br>- HDD 320GB<br>- Card Reader<br>-<strong> ATI HD6310</strong> upto 948MB<br>- 11.6" WXGA - Webcam<br>- LAN 10/100/1000 - Wireless N - Bluetooth<br>- Weight 1.63Kg - Battery 6 Cell<br>- <strong><font color="#00ccff">OS Win 7 Basic 64 bits</font></strong> </td>\r\n\r\n                    </tr>\r\n                  </tbody></table>\r\n                  <table border="0" cellpadding="0" cellspacing="2" width="100%">\r\n                    <tbody><tr valign="top">\r\n                      <td>&nbsp;</td>\r\n                    </tr>\r\n                    <tr valign="top">\r\n                      <td background="images/line-break2.gif"><img src="/hoithao/public/images/line-break2.gif" height="5" width="173"></td>\r\n                    </tr>\r\n\r\n                    <tr valign="top"> \r\n                      <td><b>Thông số</b></td>\r\n                    </tr>\r\n                    					<tr valign="top"> \r\n                      <td><table border="0" cellpadding="0" cellspacing="0" width="100%">\r\n                <tbody><tr>\r\n                  <td width="120px"><strong style="color: rgb(102, 102, 102);">Giá bán:&nbsp;&nbsp; </strong></td>\r\n                  <td width="150px"><strong style="color: rgb(255, 0, 0);">9,636,000 VNĐ</strong>\r\n\r\n				  	<br>Giá trên chưa bao gồm VAT				  </td>\r\n                </tr>\r\n                <!-- Giam gia\r\n				<tr>\r\n                  <td noWrap height="18">Giảm giá:&nbsp; </td>\r\n                  <td noWrap>\r\n                  <div align="right">\r\n                    - $0</div>                  </td>\r\n                </tr>\r\n				\r\n                <tr>\r\n                  <td class="finalprice" noWrap height="25"><b>Giá bán:</b>&nbsp;                  </td>\r\n                  <td class="finalpricered" noWrap>\r\n                  <div align="right">\r\n                    <b><font color="#cc0000">$9</font></b></div>                  </td>\r\n                </tr>-->\r\n              </tbody></table>', '<table border="0" cellpadding="0" cellspacing="2" width="100%">\r\n                    <tbody>\r\n                    <tr valign="top">\r\n                      <td class="thongtinsp"><strong><font color="#ff0000">HP Pavilion DM1 3016AU</font><font color="#000000"> (LQ862PA)</font></strong><br>- <strong>AMD Dual Core E350</strong> 1.6GHz<br>- DDRAM 2GB/1333<br>- HDD 320GB<br>- Card Reader<br>-<strong> ATI HD6310</strong> upto 948MB<br>- 11.6" WXGA - Webcam<br>- LAN 10/100/1000 - Wireless N - Bluetooth<br>- Weight 1.63Kg - Battery 6 Cell<br>- <strong><font color="#00ccff">OS Win 7 Basic 64 bits</font></strong> </td>\r\n\r\n                    </tr>\r\n                  </tbody></table>', '', 'pavilon');
INSERT INTO `sanpham` VALUES (5, 'HP 630 (LV446PA)', 'hp5.jpg', 11300000, '<table border=\\"\\\\&quot;0\\\\&quot;\\" cellpadding=\\"\\\\&quot;0\\\\&quot;\\" cellspacing=\\"\\\\&quot;2\\\\&quot;\\" width=\\"\\\\&quot;100%\\\\&quot;\\">\r\n	<tbody>\r\n		<tr valign=\\"\\\\&quot;top\\\\&quot;\\">\r\n			<td class=\\"\\\\&quot;tensp\\\\&quot;\\" colspan=\\"\\\\&quot;3\\\\&quot;\\" height=\\"\\\\&quot;30\\\\&quot;\\" valign=\\"\\\\&quot;middle\\\\&quot;\\">\r\n				<strong>HP 630 (LV446PA)</strong></td>\r\n		</tr>\r\n		<tr valign=\\"\\\\&quot;top\\\\&quot;\\">\r\n			<td background=\\"\\\\&quot;images/line-break2.gif\\\\&quot;\\">\r\n				<img height=\\"\\\\&quot;5\\\\&quot;\\" src=\\"\\\\\\" width=\\"\\\\&quot;173\\\\&quot;\\" /></td>\r\n		</tr>\r\n		<tr valign=\\"\\\\&quot;top\\\\&quot;\\">\r\n			<td class=\\"\\\\&quot;thongtinsp\\\\&quot;\\">\r\n				&nbsp;</td>\r\n		</tr>\r\n		<tr valign=\\"\\\\&quot;top\\\\&quot;\\">\r\n			<td class=\\"\\\\&quot;thongtinsp\\\\&quot;\\">\r\n				<strong><font color=\\"\\\\&quot;#ff0000\\\\&quot;\\">HP 630 (LV446PA)</font></strong><br />\r\n				- Intel <strong>Core i3-2310M</strong> 2.1GHz - 3M<br />\r\n				- DDRAM 2GB/1333<br />\r\n				- HDD 320GB<br />\r\n				- Intel HD upto 821MB<br />\r\n				- DVD-RW<br />\r\n				- Card Reader<br />\r\n				- 15.6&quot; HD LED - HDMI - Webcam<br />\r\n				- LAN 10/100/1000 - Wireless - Bluetooth<br />\r\n				- Weight 2.5Kg - Battery 6 Cell<br />\r\n				- OS Option</td>\r\n		</tr>\r\n	</tbody>\r\n</table>\r\n<table border=\\"\\\\&quot;0\\\\&quot;\\" cellpadding=\\"\\\\&quot;0\\\\&quot;\\" cellspacing=\\"\\\\&quot;2\\\\&quot;\\" width=\\"\\\\&quot;100%\\\\&quot;\\">\r\n	<tbody>\r\n		<tr valign=\\"\\\\&quot;top\\\\&quot;\\">\r\n			<td>\r\n				&nbsp;</td>\r\n		</tr>\r\n		<tr valign=\\"\\\\&quot;top\\\\&quot;\\">\r\n			<td background=\\"\\\\&quot;images/line-break2.gif\\\\&quot;\\">\r\n				<img height=\\"\\\\&quot;5\\\\&quot;\\" src=\\"\\\\\\" width=\\"\\\\&quot;173\\\\&quot;\\" /></td>\r\n		</tr>\r\n		<tr valign=\\"\\\\&quot;top\\\\&quot;\\">\r\n			<td>\r\n				<b>Th&ocirc;ng số</b></td>\r\n		</tr>\r\n		<tr valign=\\"\\\\&quot;top\\\\&quot;\\">\r\n			<td>\r\n				<table border=\\"\\\\&quot;0\\\\&quot;\\" cellpadding=\\"\\\\&quot;0\\\\&quot;\\" cellspacing=\\"\\\\&quot;0\\\\&quot;\\" width=\\"\\\\&quot;100%\\\\&quot;\\">\r\n					<tbody>\r\n						<tr>\r\n							<td width=\\"\\\\&quot;120px\\\\&quot;\\">\r\n								<strong strong=\\"\\" style=\\"\\\\&quot;color:\\" td=\\"\\" width=\\"\\\\&quot;150px\\\\&quot;\\">10,000,000 VNĐ</strong><br />\r\n								Gi&aacute; tr&ecirc;n chưa bao gồm VAT</td>\r\n						</tr>\r\n						<!-- Giam gia\r\n				<tr>\r\n                  <td noWrap height=\\\\\\"18\\\\\\">Giảm giá:&nbsp; </td>\r\n                  <td noWrap>\r\n                  <div align=\\\\\\"right\\\\\\">\r\n                    - $0</div>                  </td>\r\n                </tr>\r\n				\r\n                <tr>\r\n                  <td class=\\\\\\"finalprice\\\\\\" noWrap height=\\\\\\"25\\\\\\"><b>Giá bán:</b>&nbsp;                  </td>\r\n                  <td class=\\\\\\"finalpricered\\\\\\" noWrap>\r\n                  <div align=\\\\\\"right\\\\\\">\r\n                    <b><font color=\\\\\\"#cc0000\\\\\\">$10</font></b></div>                  </td>\r\n                </tr>-->\r\n					</tbody>\r\n				</table>\r\n			</td>\r\n		</tr>\r\n	</tbody>\r\n</table>\r\n', '<table border=\\"\\\\&quot;0\\\\&quot;\\" cellpadding=\\"\\\\&quot;0\\\\&quot;\\" cellspacing=\\"\\\\&quot;2\\\\&quot;\\" width=\\"\\\\&quot;100%\\\\&quot;\\">\r\n	<tbody>\r\n		<tr valign=\\"\\\\&quot;top\\\\&quot;\\">\r\n			<td class=\\"\\\\&quot;thongtinsp\\\\&quot;\\">\r\n				<strong><font color=\\"\\\\&quot;#ff0000\\\\&quot;\\">HP 630 (LV446PA)</font></strong><br />\r\n				- Intel <strong>Core i3-2310M</strong> 2.1GHz - 3M<br />\r\n				- DDRAM 2GB/1333<br />\r\n				- HDD 320GB<br />\r\n				- Intel HD upto 821MB<br />\r\n				- DVD-RW<br />\r\n				- Card Reader<br />\r\n				- 15.6&quot; HD LED - HDMI - Webcam<br />\r\n				- LAN 10/100/1000 - Wireless - Bluetooth<br />\r\n				- Weight 2.5Kg - Battery 6 Cell<br />\r\n				- OS Option</td>\r\n		</tr>\r\n	</tbody>\r\n</table>\r\n', '', 'pavilon');
INSERT INTO `sanpham` VALUES (6, 'HP Pavilion DV4 3104TX//3105TX', 'hp6.jpg', 15600000, '<table border="0" cellpadding="0" cellspacing="2" width="100%">\r\n                    <tbody><tr valign="top"> \r\n                      <td colspan="3" class="tensp" height="30" valign="middle"><strong>HP Pavilion DV4 3104TX//3105TX</strong></td>\r\n                    </tr>\r\n                    <tr valign="top">\r\n                      <td background="images/line-break2.gif"><img src="/hoithao/public/images/line-break2.gif" height="5" width="173"></td>\r\n                    </tr>\r\n                    <tr valign="top">\r\n                      <td class="thongtinsp">&nbsp;</td>\r\n\r\n                    </tr>\r\n                    <tr valign="top">\r\n                      <td class="thongtinsp"><strong><font color="#ff0000">HP Pavilion DV4&nbsp;3104TX LZ724PA - Black//3105TX LZ725PA - Red<br></font></strong>- Intel <strong>Core i3-2330M</strong> 2.2GHz - 3M<br>- DDRAM 2GB/1333<br>- HDD 500GB<br><strong>- ATI HD 6570M DDR5 1GB // Intel HD<br></strong>- DVD-RW<br>- 14.0" HD LED - HDMI<br>- LAN 10/100 - Wireless - Bluetooth<br>- Weight 2.1Kg - Battery 6 Cell<br><strong><font color="#0066ff">- OS WIN 7 Premium 64bits</font></strong> </td>\r\n\r\n                    </tr>\r\n                  </tbody></table>\r\n                  <table border="0" cellpadding="0" cellspacing="2" width="100%">\r\n                    <tbody><tr valign="top">\r\n                      <td>&nbsp;</td>\r\n                    </tr>\r\n                    <tr valign="top">\r\n                      <td background="images/line-break2.gif"><img src="/hoithao/public/images/line-break2.gif" height="5" width="173"></td>\r\n                    </tr>\r\n\r\n                    <tr valign="top"> \r\n                      <td><b>Thông số</b></td>\r\n                    </tr>\r\n                    					<tr valign="top"> \r\n                      <td><table border="0" cellpadding="0" cellspacing="0" width="100%">\r\n                <tbody><tr>\r\n                  <td width="120px"><strong style="color: rgb(102, 102, 102);">Giá bán:&nbsp;&nbsp; </strong></td>\r\n                  <td width="150px"><strong style="color: rgb(255, 0, 0);">16,809,000 VNĐ</strong>\r\n\r\n				  	<br>Giá trên chưa bao gồm VAT				  </td>\r\n                </tr>\r\n                <!-- Giam gia\r\n				<tr>\r\n                  <td noWrap height="18">Giảm giá:&nbsp; </td>\r\n                  <td noWrap>\r\n                  <div align="right">\r\n                    - $0</div>                  </td>\r\n                </tr>\r\n				\r\n                <tr>\r\n                  <td class="finalprice" noWrap height="25"><b>Giá bán:</b>&nbsp;                  </td>\r\n                  <td class="finalpricered" noWrap>\r\n                  <div align="right">\r\n                    <b><font color="#cc0000">$16</font></b></div>                  </td>\r\n                </tr>-->\r\n              </tbody></table>', '<table border="0" cellpadding="0" cellspacing="2" width="100%">\r\n                    <tbody>\r\n                    <tr valign="top">\r\n                      <td class="thongtinsp"><strong><font color="#ff0000">HP Pavilion DV4&nbsp;3104TX LZ724PA - Black//3105TX LZ725PA - Red<br></font></strong>- Intel <strong>Core i3-2330M</strong> 2.2GHz - 3M<br>- DDRAM 2GB/1333<br>- HDD 500GB<br><strong>- ATI HD 6570M DDR5 1GB // Intel HD<br></strong>- DVD-RW<br>- 14.0" HD LED - HDMI<br>- LAN 10/100 - Wireless - Bluetooth<br>- Weight 2.1Kg - Battery 6 Cell<br><strong><font color="#0066ff">- OS WIN 7 Premium 64bits</font></strong> </td>\r\n\r\n                    </tr>\r\n                  </tbody></table>\r\n                  ', '', 'pavilon');
INSERT INTO `sanpham` VALUES (7, 'HP DV6-6100TU LV839PA', 'hp7.jpg', 13400000, '<table border="0" cellpadding="0" cellspacing="2" width="100%">\r\n                    <tbody><tr valign="top"> \r\n                      <td colspan="3" class="tensp" height="30" valign="middle"><strong>HP DV6-6100TU LV839PA</strong></td>\r\n                    </tr>\r\n                    <tr valign="top">\r\n                      <td background="images/line-break2.gif"><img src="/hoithao/public/images/line-break2.gif" height="5" \r\r\nwidth="173"></td>\r\n                    </tr>\r\n                    <tr valign="top">\r\n                      <td class="thongtinsp">&nbsp;</td>\r\n\r\n                    </tr>\r\n                    <tr valign="top">\r\n                      <td class="thongtinsp"><p><strong><font color="#ff0000">HP DV6-6100TU LV839PA<br></font></strong>- \r\r\nIntel <strong>Core i3-2330M</strong>&nbsp;2.2GHz<br>- DDRAM&nbsp;2GB/1333<br>- HDD 500GB<br>-&nbsp;<strong>Intel HD3000 \r\r\nupto 805MB<br></strong>- DVD-RW<br>- Card Reader<br>- 15.6"&nbsp;HD LED - HDMI&nbsp;- Webcam -&nbsp;Finger Print<br>- LAN \r\r\n10/100/1000 - Wireless - Bluetooth<br>- Weight 2.5Kg - Battery 6 Cell<br><strong><font color="#0099ff">- OS Win \r\r\n7&nbsp;Basic</font></strong> </p></td>\r\n\r\n                    </tr>\r\n                  </tbody></table>\r\n                  <table border="0" cellpadding="0" cellspacing="2" width="100%">\r\n                    <tbody><tr valign="top">\r\n                      <td>&nbsp;</td>\r\n                    </tr>\r\n                    <tr valign="top">\r\n                      <td background="images/line-break2.gif"><img src="/hoithao/public/images/line-break2.gif" height="5" \r\r\nwidth="173"></td>\r\n                    </tr>\r\n\r\n                    <tr valign="top"> \r\n                      <td><b>Thông số</b></td>\r\n                    </tr>\r\n                    					<tr valign="top"> \r\n                      <td><table border="0" cellpadding="0" cellspacing="0" width="100%">\r\n                <tbody><tr>\r\n                  <td width="120px"><strong style="color: rgb(102, 102, 102);">Giá bán:&nbsp;&nbsp; </strong></td>\r\n                  <td width="150px"><strong style="color: rgb(255, 0, 0);">15,000,000 VNĐ</strong>\r\n\r\n				  	<br>Giá trên chưa bao gồm VAT				  </td>\r\n                </tr>\r\n                <!-- Giam gia\r\n				<tr>\r\n                  <td noWrap height="18">Giảm giá:&nbsp; </td>\r\n                  <td noWrap>\r\n                  <div align="right">\r\n                    - $0</div>                  </td>\r\n                </tr>\r\n				\r\n                <tr>\r\n                  <td class="finalprice" noWrap height="25"><b>Giá bán:</b>&nbsp;                  </td>\r\n                  <td class="finalpricered" noWrap>\r\n                  <div align="right">\r\n                    <b><font color="#cc0000">$15</font></b></div>                  </td>\r\n                </tr>-->\r\n              </tbody></table>', '<table border="0" cellpadding="0" cellspacing="2" width="100%">\r\n                    <tbody>\r\n                    <tr valign="top">\r\n                      <td class="thongtinsp"><p><strong><font color="#ff0000">HP DV6-6100TU LV839PA<br></font></strong>- \r\n\r\nIntel <strong>Core i3-2330M</strong>&nbsp;2.2GHz<br>- DDRAM&nbsp;2GB/1333<br>- HDD 500GB<br>-&nbsp;<strong>Intel HD3000 \r\n\r\nupto 805MB<br></strong>- DVD-RW<br>- Card Reader<br>- 15.6"&nbsp;HD LED - HDMI&nbsp;- Webcam -&nbsp;Finger Print<br>- LAN \r\n\r\n10/100/1000 - Wireless - Bluetooth<br>- Weight 2.5Kg - Battery 6 Cell<br><strong><font color="#0099ff">- OS Win \r\n\r\n7&nbsp;Basic</font></strong> </p></td>\r\n\r\n                    </tr>\r\n                  </tbody></table>\r\n                 ', '', 'pavilon');
INSERT INTO `sanpham` VALUES (8, 'Asus K53SC-SX157 (K53SC-3DSX)- NÂU CHÌM', 'asus1.jpg', 12300000, '<table style="background: none repeat scroll 0% 0% rgb(204, 204, 204);" border="0" cellpadding="0" cellspacing="1" width="100%"><tbody><tr><td style="padding: 10pt; width: 150px;"><p style="text-align: center;"><span style="color: navy; font-weight: bold;">Thông số</span><span class="themebody"><span style="color: navy; font-weight: bold;">&nbsp;</span></span><span style="font-weight: bold;">&nbsp;</span></p></td> <td><p style="text-align: center;">Asus K53SC-SX157(K53SC-3DSX)-NÂU CHÌM</p></td></tr> <tr><td style="padding: 3pt; background: none repeat scroll 0% 0% rgb(231, 231, 231);" valign="top"><p><span style="color: navy; font-weight: bold;">Microprocessor</span></p></td> <td style="padding: 3pt; background: none repeat scroll 0% 0% rgb(231, 231, 231);" valign="top"><p>Intel Core i5&nbsp; 2430M&nbsp; 2.4GHz&nbsp; Turbo Boost&nbsp; upto 2.9Ghz</p></td></tr> <tr><td style="padding: 3pt; background: none repeat scroll 0% 0% white;" valign="top"><p><span style="color: navy; font-weight: bold;">Microprocessor Cache</span></p></td> <td style="padding: 3pt; background: none repeat scroll 0% 0% white;" valign="top"><p>3MB</p></td></tr> <tr><td style="padding: 3pt; background: none repeat scroll 0% 0% rgb(231, 231, 231);" valign="top"><p><span style="color: navy; font-weight: bold;">Memory</span></p></td> <td style="padding: 3pt; background: none repeat scroll 0% 0% rgb(231, 231, 231);" valign="top"><p>2GB DDR3/1333 2 x SO-DIMM socket for expansion up to 8 G SDRAM</p></td></tr> <tr><td style="padding: 3pt; background: none repeat scroll 0% 0% rgb(231, 231, 231);" valign="top"><p><span style="color: navy; font-weight: bold;">Video Graphics</span></p></td> <td style="padding: 3pt; background: none repeat scroll 0% 0% rgb(231, 231, 231);" valign="top"><p>NVIDIA® GeForce® 520M with 1GB DDR3 VRAM</p></td></tr> <tr><td style="padding: 3pt; background: none repeat scroll 0% 0% rgb(231, 231, 231);" valign="top"><p><span style="color: navy; font-weight: bold;">Hard Drive</span></p></td> <td style="padding: 3pt; background: none repeat scroll 0% 0% rgb(231, 231, 231);" valign="top"><p>500GB 5400 rpm SATA</p></td></tr> <tr><td style="padding: 3pt; background: none repeat scroll 0% 0% white;" valign="top"><p><span style="color: navy; font-weight: bold;">Multimedia Drive</span></p></td> <td style="padding: 3pt; background: none repeat scroll 0% 0% white;" valign="top"><p>DVDRW +/- Double Layer</p></td></tr> <tr style="height: 10.15pt;"><td style="padding: 3pt; background: none repeat scroll 0% 0% white; height: 10.15pt;" valign="top"><p><span style="color: navy; font-weight: bold;">Integrated</span></p></td> <td style="padding: 3pt; background: none repeat scroll 0% 0% white; height: 10.15pt;" valign="top"><p>&nbsp;</p></td></tr> <tr><td style="padding: 3pt; background: none repeat scroll 0% 0% rgb(231, 231, 231);" valign="top"><p><span style="color: navy; font-weight: bold;">Display</span></p></td> <td style="padding: 3pt; background: none repeat scroll 0% 0% rgb(231, 231, 231);" valign="top"><p>15.6" HD Slim (1366x768) LED backlight (Gương siêu sáng) Splendid</p></td></tr> <tr><td style="padding: 3pt; background: none repeat scroll 0% 0% rgb(231, 231, 231);" valign="top"><p><span style="color: navy; font-weight: bold;">Network Card</span></p></td> <td style="padding: 3pt; background: none repeat scroll 0% 0% rgb(231, 231, 231);" valign="top"><p>High Speed</p></td></tr> <tr><td style="padding: 3pt; background: none repeat scroll 0% 0% white;" valign="top"><p><span style="color: navy; font-weight: bold;">Wireless Connectivity</span></p></td> <td style="padding: 3pt; background: none repeat scroll 0% 0% white;" valign="top"><p>802.11 a/g/n Chuẩn N</p></td></tr> <tr><td style="padding: 3pt; background: none repeat scroll 0% 0% white;" valign="top"><p><span style="color: navy; font-weight: bold;">Keyboard</span></p></td> <td style="padding: 3pt; background: none repeat scroll 0% 0% white;" valign="top"><p><span style="color: navy;"><span style="color: rgb(0, 0, 0);">Standard</span> </span></p></td></tr> <tr><td style="padding: 3pt; background: none repeat scroll 0% 0% rgb(231, 231, 231);" valign="top"><p><span style="color: navy; font-weight: bold;">Pointing Device</span></p></td> <td style="padding: 3pt; background: none repeat scroll 0% 0% rgb(231, 231, 231);" valign="top"><p><span style="color: navy;"><span style="color: rgb(0, 0, 0);">Multi Point</span> </span></p></td></tr> <tr style="height: 14.65pt;"><td style="padding: 3pt; background: none repeat scroll 0% 0% rgb(231, 231, 231); height: 14.65pt;" valign="top"><p><span style="color: navy; font-weight: bold;">External Ports</span></p></td> <td style="padding: 3pt; background: none repeat scroll 0% 0% rgb(231, 231, 231); height: 14.65pt;" valign="top">1 x Microphone-in jack1 x Headphone-out jack1 x VGA port/Mini D-sub 15-pin for external monitor1 x USB 3.0 port(s)2 x USB 2.0 port(s)1 x RJ45 LAN Jack for LAN insert1 x HDMI</td></tr></tbody></table> <p>&nbsp;</p>', '<table style="background: none repeat scroll 0% 0% rgb(204, 204, 204);" border="0" cellpadding="0" cellspacing="1" width="100%"><tbody><tr><td style="padding: 10pt; width: 150px;"><p style="text-align: center;"><span style="color: navy; font-weight: bold;">Thông số</span><span class="themebody"><span style="color: navy; font-weight: bold;">&nbsp;</span></span><span style="font-weight: bold;">&nbsp;</span></p></td> <td width="250"><p style="text-align: center;">Asus K53SC-SX157(K53SC-3DSX)-NÂU CHÌM</p></td></tr> <tr><td style="padding: 3pt; background: none repeat scroll 0% 0% rgb(231, 231, 231);" valign="top"><p><span style="color: navy; font-weight: bold;">Microprocessor</span></p></td> <td width="250" valign="top" style="padding: 3pt; background: none repeat scroll 0% 0% rgb(231, 231, 231);"><p>Intel Core i5&nbsp; 2430M&nbsp; 2.4GHz&nbsp; Turbo Boost&nbsp; upto 2.9Ghz</p></td></tr> <tr><td style="padding: 3pt; background: none repeat scroll 0% 0% white;" valign="top"><p><span style="color: navy; font-weight: bold;">Microprocessor Cache</span></p></td> <td width="250" valign="top" style="padding: 3pt; background: none repeat scroll 0% 0% white;"><p>3MB</p></td></tr> <tr><td style="padding: 3pt; background: none repeat scroll 0% 0% rgb(231, 231, 231);" valign="top"><p><span style="color: navy; font-weight: bold;">Memory</span></p></td> <td width="250" valign="top" style="padding: 3pt; background: none repeat scroll 0% 0% rgb(231, 231, 231);"><p>2GB DDR3/1333 2 x SO-DIMM socket for expansion up to 8 G SDRAM</p></td></tr> <tr><td style="padding: 3pt; background: none repeat scroll 0% 0% rgb(231, 231, 231);" valign="top"><p><span style="color: navy; font-weight: bold;">Video Graphics</span></p></td> <td width="250" valign="top" style="padding: 3pt; background: none repeat scroll 0% 0% rgb(231, 231, 231);"><p>NVIDIA® GeForce® 520M with 1GB DDR3 VRAM</p></td></tr> <tr><td style="padding: 3pt; background: none repeat scroll 0% 0% rgb(231, 231, 231);" valign="top"><p><span style="color: navy; font-weight: bold;">Hard Drive</span></p></td> <td width="250" valign="top" style="padding: 3pt; background: none repeat scroll 0% 0% rgb(231, 231, 231);"><p>500GB 5400 rpm SATA</p></td></tr> <tr><td style="padding: 3pt; background: none repeat scroll 0% 0% white;" valign="top"><p><span style="color: navy; font-weight: bold;">Multimedia Drive</span></p></td> <td width="250" valign="top" style="padding: 3pt; background: none repeat scroll 0% 0% white;"><p>DVDRW +/- Double Layer</p></td></tr> <tr style="height: 10.15pt;"><td style="padding: 3pt; background: none repeat scroll 0% 0% white; height: 10.15pt;" valign="top"><p><span style="color: navy; font-weight: bold;">Integrated</span></p></td> <td width="250" valign="top" style="padding: 3pt; background: none repeat scroll 0% 0% white; height: 10.15pt;"><p>&nbsp;</p></td></tr> <tr><td style="padding: 3pt; background: none repeat scroll 0% 0% rgb(231, 231, 231);" valign="top"><p><span style="color: navy; font-weight: bold;">Display</span></p></td> <td width="250" valign="top" style="padding: 3pt; background: none repeat scroll 0% 0% rgb(231, 231, 231);"><p>15.6" HD Slim (1366x768) LED backlight (Gương siêu sáng) Splendid</p></td></tr> <tr><td style="padding: 3pt; background: none repeat scroll 0% 0% rgb(231, 231, 231);" valign="top"><p><span style="color: navy; font-weight: bold;">Network Card</span></p></td> <td width="250" valign="top" style="padding: 3pt; background: none repeat scroll 0% 0% rgb(231, 231, 231);"><p>High Speed</p></td></tr> <tr><td style="padding: 3pt; background: none repeat scroll 0% 0% white;" valign="top"><p><span style="color: navy; font-weight: bold;">Wireless Connectivity</span></p></td> <td width="250" valign="top" style="padding: 3pt; background: none repeat scroll 0% 0% white;"><p>802.11 a/g/n Chuẩn N</p></td></tr> <tr><td style="padding: 3pt; background: none repeat scroll 0% 0% white;" valign="top"><p><span style="color: navy; font-weight: bold;">Keyboard</span></p></td> <td width="250" valign="top" style="padding: 3pt; background: none repeat scroll 0% 0% white;"><p><span style="color: navy;"><span style="color: rgb(0, 0, 0);">Standard</span> </span></p></td></tr> <tr><td style="padding: 3pt; background: none repeat scroll 0% 0% rgb(231, 231, 231);" valign="top"><p><span style="color: navy; font-weight: bold;">Pointing Device</span></p></td> <td width="250" valign="top" style="padding: 3pt; background: none repeat scroll 0% 0% rgb(231, 231, 231);"><p><span style="color: navy;"><span style="color: rgb(0, 0, 0);">Multi Point</span> </span></p></td></tr> <tr style="height: 14.65pt;"><td style="padding: 3pt; background: none repeat scroll 0% 0% rgb(231, 231, 231); height: 14.65pt;" valign="top"><p><span style="color: navy; font-weight: bold;">External Ports</span></p></td> <td width="250" valign="top" style="padding: 3pt; background: none repeat scroll 0% 0% rgb(231, 231, 231); height: 14.65pt;">1 x Microphone-in jack1 x Headphone-out jack1 x VGA port/Mini D-sub 15-pin for external monitor1 x USB 3.0 port(s)2 x USB 2.0 port(s)1 x RJ45 LAN Jack for LAN insert1 x HDMI</td></tr></tbody></table> <p>&nbsp;</p>vv', '', 'kseries');
INSERT INTO `sanpham` VALUES (9, 'Asus K53SC-SX156 (K53SC-3CSX)-NÂU BÓNG', 'asus2.jpg', 14200000, '<table style="background: none repeat scroll 0% 0% rgb(204, 204, 204);" border="0" cellpadding="0" cellspacing="1" width="100%"><tbody><tr><td style="padding: 10pt; width: 150px;"><p style="text-align: center;"><span style="color: navy; font-weight: bold;">Thông số</span><span class="themebody"><span style="color: navy; font-weight: bold;">&nbsp;</span></span><span style="font-weight: bold;">&nbsp;</span></p></td> <td><p style="text-align: center;">Asus K53SC-SX156 (K53SC-3CSX)-NÂU BÓNG</p></td></tr> <tr><td style="padding: 3pt; background: none repeat scroll 0% 0% rgb(231, 231, 231);" valign="top"><p><span style="color: navy; font-weight: bold;">Microprocessor</span></p></td> <td style="padding: 3pt; background: none repeat scroll 0% 0% rgb(231, 231, 231);" valign="top"><p>Intel Core i5&nbsp; 2430M&nbsp; 2.4GHz&nbsp; Turbo Boost&nbsp; upto 2.9Ghz</p></td></tr> <tr><td style="padding: 3pt; background: none repeat scroll 0% 0% white;" valign="top"><p><span style="color: navy; font-weight: bold;">Microprocessor Cache</span></p></td> <td style="padding: 3pt; background: none repeat scroll 0% 0% white;" valign="top"><p>3MB</p></td></tr> <tr><td style="padding: 3pt; background: none repeat scroll 0% 0% rgb(231, 231, 231);" valign="top"><p><span style="color: navy; font-weight: bold;">Memory</span></p></td> <td style="padding: 3pt; background: none repeat scroll 0% 0% rgb(231, 231, 231);" valign="top"><p>2GB DDR3/1333 2 x SO-DIMM socket for expansion up to 8 G SDRAM</p></td></tr> <tr><td style="padding: 3pt; background: none repeat scroll 0% 0% rgb(231, 231, 231);" valign="top"><p><span style="color: navy; font-weight: bold;">Video Graphics</span></p></td> <td style="padding: 3pt; background: none repeat scroll 0% 0% rgb(231, 231, 231);" valign="top"><p>NVIDIA® GeForce® 520M with 1GB DDR3 VRAM</p></td></tr> <tr><td style="padding: 3pt; background: none repeat scroll 0% 0% rgb(231, 231, 231);" valign="top"><p><span style="color: navy; font-weight: bold;">Hard Drive</span></p></td> <td style="padding: 3pt; background: none repeat scroll 0% 0% rgb(231, 231, 231);" valign="top"><p>500GB 5400 rpm SATA</p></td></tr> <tr><td style="padding: 3pt; background: none repeat scroll 0% 0% white;" valign="top"><p><span style="color: navy; font-weight: bold;">Multimedia Drive</span></p></td> <td style="padding: 3pt; background: none repeat scroll 0% 0% white;" valign="top"><p>DVDRW +/- Double Layer</p></td></tr> <tr style="height: 10.15pt;"><td style="padding: 3pt; background: none repeat scroll 0% 0% white; height: 10.15pt;" valign="top"><p><span style="color: navy; font-weight: bold;">Integrated</span></p></td> <td style="padding: 3pt; background: none repeat scroll 0% 0% white; height: 10.15pt;" valign="top"><p>&nbsp;</p></td></tr> <tr><td style="padding: 3pt; background: none repeat scroll 0% 0% rgb(231, 231, 231);" valign="top"><p><span style="color: navy; font-weight: bold;">Display</span></p></td> <td style="padding: 3pt; background: none repeat scroll 0% 0% rgb(231, 231, 231);" valign="top"><p>15.6" HD Slim (1366x768) LED backlight (Gương siêu sáng) Splendid</p></td></tr> <tr><td style="padding: 3pt; background: none repeat scroll 0% 0% rgb(231, 231, 231);" valign="top"><p><span style="color: navy; font-weight: bold;">Network Card</span></p></td> <td style="padding: 3pt; background: none repeat scroll 0% 0% rgb(231, 231, 231);" valign="top"><p>High Speed</p></td></tr> <tr><td style="padding: 3pt; background: none repeat scroll 0% 0% white;" valign="top"><p><span style="color: navy; font-weight: bold;">Wireless Connectivity</span></p></td> <td style="padding: 3pt; background: none repeat scroll 0% 0% white;" valign="top"><p>802.11 a/g/n Chuẩn N</p></td></tr> <tr><td style="padding: 3pt; background: none repeat scroll 0% 0% white;" valign="top"><p><span style="color: navy; font-weight: bold;">Keyboard</span></p></td> <td style="padding: 3pt; background: none repeat scroll 0% 0% white;" valign="top"><p><span style="color: navy;"><span style="color: rgb(0, 0, 0);">Standard</span> </span></p></td></tr> <tr><td style="padding: 3pt; background: none repeat scroll 0% 0% rgb(231, 231, 231);" valign="top"><p><span style="color: navy; font-weight: bold;">Pointing Device</span></p></td> <td style="padding: 3pt; background: none repeat scroll 0% 0% rgb(231, 231, 231);" valign="top"><p><span style="color: navy;"><span style="color: rgb(0, 0, 0);">Multi Point</span> </span></p></td></tr> <tr style="height: 14.65pt;"><td style="padding: 3pt; background: none repeat scroll 0% 0% rgb(231, 231, 231); height: 14.65pt;" valign="top"><p><span style="color: navy; font-weight: bold;">External Ports</span></p></td> <td style="padding: 3pt; background: none repeat scroll 0% 0% rgb(231, 231, 231); height: 14.65pt;" valign="top">1 x Microphone-in jack1 x Headphone-out jack1 x VGA port/Mini D-sub 15-pin for external monitor1 x USB 3.0 port(s)2 x USB 2.0 port(s)1 x RJ45 LAN Jack for LAN insert1 x HDMI</td></tr></tbody></table>', '<table style="background: none repeat scroll 0% 0% rgb(204, 204, 204);" border="0" cellpadding="0" cellspacing="1" width="100%"><tbody><tr><td style="padding: 10pt; width: 150px;"><p style="text-align: center;"><span style="color: navy; font-weight: bold;">Thông số</span><span class="themebody"><span style="color: navy; font-weight: bold;">&nbsp;</span></span><span style="font-weight: bold;">&nbsp;</span></p></td> <td><p style="text-align: center;">Asus K53SC-SX156 (K53SC-3CSX)-NÂU BÓNG</p></td></tr> <tr><td style="padding: 3pt; background: none repeat scroll 0% 0% rgb(231, 231, 231);" valign="top"><p><span style="color: navy; font-weight: bold;">Microprocessor</span></p></td> <td style="padding: 3pt; background: none repeat scroll 0% 0% rgb(231, 231, 231);" valign="top"><p>Intel Core i5&nbsp; 2430M&nbsp; 2.4GHz&nbsp; Turbo Boost&nbsp; upto 2.9Ghz</p></td></tr> <tr><td style="padding: 3pt; background: none repeat scroll 0% 0% white;" valign="top"><p><span style="color: navy; font-weight: bold;">Microprocessor Cache</span></p></td> <td style="padding: 3pt; background: none repeat scroll 0% 0% white;" valign="top"><p>3MB</p></td></tr> <tr><td style="padding: 3pt; background: none repeat scroll 0% 0% rgb(231, 231, 231);" valign="top"><p><span style="color: navy; font-weight: bold;">Memory</span></p></td> <td style="padding: 3pt; background: none repeat scroll 0% 0% rgb(231, 231, 231);" valign="top"><p>2GB DDR3/1333 2 x SO-DIMM socket for expansion up to 8 G SDRAM</p></td></tr> <tr><td style="padding: 3pt; background: none repeat scroll 0% 0% rgb(231, 231, 231);" valign="top"><p><span style="color: navy; font-weight: bold;">Video Graphics</span></p></td> <td style="padding: 3pt; background: none repeat scroll 0% 0% rgb(231, 231, 231);" valign="top"><p>NVIDIA® GeForce® 520M with 1GB DDR3 VRAM</p></td></tr> <tr><td style="padding: 3pt; background: none repeat scroll 0% 0% rgb(231, 231, 231);" valign="top"><p><span style="color: navy; font-weight: bold;">Hard Drive</span></p></td> <td style="padding: 3pt; background: none repeat scroll 0% 0% rgb(231, 231, 231);" valign="top"><p>500GB 5400 rpm SATA</p></td></tr> <tr><td style="padding: 3pt; background: none repeat scroll 0% 0% white;" valign="top"><p><span style="color: navy; font-weight: bold;">Multimedia Drive</span></p></td> <td style="padding: 3pt; background: none repeat scroll 0% 0% white;" valign="top"><p>DVDRW +/- Double Layer</p></td></tr> <tr style="height: 10.15pt;"><td style="padding: 3pt; background: none repeat scroll 0% 0% white; height: 10.15pt;" valign="top"><p><span style="color: navy; font-weight: bold;">Integrated</span></p></td> <td style="padding: 3pt; background: none repeat scroll 0% 0% white; height: 10.15pt;" valign="top"><p>&nbsp;</p></td></tr> <tr><td style="padding: 3pt; background: none repeat scroll 0% 0% rgb(231, 231, 231);" valign="top"><p><span style="color: navy; font-weight: bold;">Display</span></p></td> <td style="padding: 3pt; background: none repeat scroll 0% 0% rgb(231, 231, 231);" valign="top"><p>15.6" HD Slim (1366x768) LED backlight (Gương siêu sáng) Splendid</p></td></tr> <tr><td style="padding: 3pt; background: none repeat scroll 0% 0% rgb(231, 231, 231);" valign="top"><p><span style="color: navy; font-weight: bold;">Network Card</span></p></td> <td style="padding: 3pt; background: none repeat scroll 0% 0% rgb(231, 231, 231);" valign="top"><p>High Speed</p></td></tr> <tr><td style="padding: 3pt; background: none repeat scroll 0% 0% white;" valign="top"><p><span style="color: navy; font-weight: bold;">Wireless Connectivity</span></p></td> <td style="padding: 3pt; background: none repeat scroll 0% 0% white;" valign="top"><p>802.11 a/g/n Chuẩn N</p></td></tr> <tr><td style="padding: 3pt; background: none repeat scroll 0% 0% white;" valign="top"><p><span style="color: navy; font-weight: bold;">Keyboard</span></p></td> <td style="padding: 3pt; background: none repeat scroll 0% 0% white;" valign="top"><p><span style="color: navy;"><span style="color: rgb(0, 0, 0);">Standard</span> </span></p></td></tr> <tr><td style="padding: 3pt; background: none repeat scroll 0% 0% rgb(231, 231, 231);" valign="top"><p><span style="color: navy; font-weight: bold;">Pointing Device</span></p></td> <td style="padding: 3pt; background: none repeat scroll 0% 0% rgb(231, 231, 231);" valign="top"><p><span style="color: navy;"><span style="color: rgb(0, 0, 0);">Multi Point</span> </span></p></td></tr> <tr style="height: 14.65pt;"><td style="padding: 3pt; background: none repeat scroll 0% 0% rgb(231, 231, 231); height: 14.65pt;" valign="top"><p><span style="color: navy; font-weight: bold;">External Ports</span></p></td> <td style="padding: 3pt; background: none repeat scroll 0% 0% rgb(231, 231, 231); height: 14.65pt;" valign="top">1 x Microphone-in jack1 x Headphone-out jack1 x VGA port/Mini D-sub 15-pin for external monitor1 x USB 3.0 port(s)2 x USB 2.0 port(s)1 x RJ45 LAN Jack for LAN insert1 x HDMI</td></tr></tbody></table>', '', 'kseries');
INSERT INTO `sanpham` VALUES (10, 'Asus K43SJ-VX643 (K43SJ-3FVX) – ĐỎ', 'asus3.jpg', 14200000, '<table style="background: none repeat scroll 0% 0% rgb(204, 204, 204);" border="0" cellpadding="0" cellspacing="1" width="100%"><tbody><tr><td style="padding: 10pt; width: 150px;"><p style="text-align: center;"><span style="color: navy; font-weight: bold;">Thông số</span><span class="themebody"><span style="color: navy; font-weight: bold;">&nbsp;</span></span><span style="font-weight: bold;">&nbsp;</span></p></td> <td style="padding: 10pt;"><p style="text-align: center;">Asus K43SJ-VX643 (K43SJ-3FVX) – ĐỎ</p></td></tr> <tr><td style="padding: 3pt; background: none repeat scroll 0% 0% rgb(231, 231, 231);" valign="top"><p><span style="color: navy; font-weight: bold;">Microprocessor</span></p></td> <td style="padding: 3pt; background: none repeat scroll 0% 0% rgb(231, 231, 231);" valign="top"><p>Intel Core i3-2330M&nbsp; 2.2GHz</p></td></tr> <tr><td style="padding: 3pt; background: none repeat scroll 0% 0% white;" valign="top"><p><span style="color: navy; font-weight: bold;">Microprocessor Cache</span></p></td> <td style="padding: 3pt; background: none repeat scroll 0% 0% white;" valign="top"><p>3MB</p></td></tr> <tr><td style="padding: 3pt; background: none repeat scroll 0% 0% rgb(231, 231, 231);" valign="top"><p><span style="color: navy; font-weight: bold;">Memory</span></p></td> <td style="padding: 3pt; background: none repeat scroll 0% 0% rgb(231, 231, 231);" valign="top"><p>4GB DDR3/1333 2 x SO-DIMM</p></td></tr> <tr><td style="padding: 3pt; background: none repeat scroll 0% 0% rgb(231, 231, 231);" valign="top"><p><span style="color: navy; font-weight: bold;">Video Graphics</span></p></td> <td style="padding: 3pt; background: none repeat scroll 0% 0% rgb(231, 231, 231);" valign="top"><p>NVIDIA® GeForce® 520M with 1GB DDR3 VRAM</p></td></tr> <tr><td style="padding: 3pt; background: none repeat scroll 0% 0% rgb(231, 231, 231);" valign="top"><p><span style="color: navy; font-weight: bold;">Hard Drive</span></p></td> <td style="padding: 3pt; background: none repeat scroll 0% 0% rgb(231, 231, 231);" valign="top"><p>500GB 5400 rpm SATA</p></td></tr> <tr><td style="padding: 3pt; background: none repeat scroll 0% 0% white;" valign="top"><p><span style="color: navy; font-weight: bold;">Multimedia Drive</span></p></td> <td style="padding: 3pt; background: none repeat scroll 0% 0% white;" valign="top"><p>DVDRW +/- Double Layer</p></td></tr> <tr style="height: 10.15pt;"><td style="padding: 3pt; background: none repeat scroll 0% 0% white; height: 10.15pt;" valign="top"><p><span style="color: navy; font-weight: bold;">Integrated</span></p></td> <td style="padding: 3pt; background: none repeat scroll 0% 0% white; height: 10.15pt;" valign="top"><p>&nbsp;</p></td></tr> <tr><td style="padding: 3pt; background: none repeat scroll 0% 0% rgb(231, 231, 231);" valign="top"><p><span style="color: navy; font-weight: bold;">Display</span></p></td> <td style="padding: 3pt; background: none repeat scroll 0% 0% rgb(231, 231, 231);" valign="top"><p>14" HD Color Shine (LED backlight)</p></td></tr> <tr><td style="padding: 3pt; background: none repeat scroll 0% 0% rgb(231, 231, 231);" valign="top"><p><span style="color: navy; font-weight: bold;">Network Card</span></p></td> <td style="padding: 3pt; background: none repeat scroll 0% 0% rgb(231, 231, 231);" valign="top"><p>High Speed</p></td></tr> <tr><td style="padding: 3pt; background: none repeat scroll 0% 0% white;" valign="top"><p><span style="color: navy; font-weight: bold;">Wireless Connectivity</span></p></td> <td style="padding: 3pt; background: none repeat scroll 0% 0% white;" valign="top"><p>802.11 a/g/n Chuẩn N</p></td></tr> <tr><td style="padding: 3pt; background: none repeat scroll 0% 0% white;" valign="top"><p><span style="color: navy; font-weight: bold;">Keyboard</span></p></td> <td style="padding: 3pt; background: none repeat scroll 0% 0% white;" valign="top"><p><span style="color: navy;"><span style="color: rgb(0, 0, 0);">Standard</span> </span></p></td></tr> <tr><td style="padding: 3pt; background: none repeat scroll 0% 0% rgb(231, 231, 231);" valign="top"><p><span style="color: navy; font-weight: bold;">Pointing Device</span></p></td> <td style="padding: 3pt; background: none repeat scroll 0% 0% rgb(231, 231, 231);" valign="top"><p><span style="color: navy;"><span style="color: rgb(0, 0, 0);">Multi point</span> </span></p></td></tr> <tr style="height: 14.65pt;"><td style="padding: 3pt; background: none repeat scroll 0% 0% rgb(231, 231, 231); height: 14.65pt;" valign="top"><p><span style="color: navy; font-weight: bold;">External Ports</span></p></td> <td style="padding: 3pt; background: none repeat scroll 0% 0% rgb(231, 231, 231); height: 14.65pt;" valign="top">&nbsp;1 x Microphone-in jack/1 x HDMI1 x Headphone-out jack1 x VGA port/Mini D-sub 15-pin for external monitor/ 3 x USB 2.0 port(s)1 x RJ45 LAN Jack for LAN insert</td></tr></tbody></table>', '<table style="background: none repeat scroll 0% 0% rgb(204, 204, 204);" border="0" cellpadding="0" cellspacing="1" width="100%"><tbody><tr><td style="padding: 10pt; width: 150px;"><p style="text-align: center;"><span style="color: navy; font-weight: bold;">Thông số</span><span class="themebody"><span style="color: navy; font-weight: bold;">&nbsp;</span></span><span style="font-weight: bold;">&nbsp;</span></p></td> <td style="padding: 10pt;"><p style="text-align: center;">Asus K43SJ-VX643 (K43SJ-3FVX) – ĐỎ</p></td></tr> <tr><td style="padding: 3pt; background: none repeat scroll 0% 0% rgb(231, 231, 231);" valign="top"><p><span style="color: navy; font-weight: bold;">Microprocessor</span></p></td> <td style="padding: 3pt; background: none repeat scroll 0% 0% rgb(231, 231, 231);" valign="top"><p>Intel Core i3-2330M&nbsp; 2.2GHz</p></td></tr> <tr><td style="padding: 3pt; background: none repeat scroll 0% 0% white;" valign="top"><p><span style="color: navy; font-weight: bold;">Microprocessor Cache</span></p></td> <td style="padding: 3pt; background: none repeat scroll 0% 0% white;" valign="top"><p>3MB</p></td></tr> <tr><td style="padding: 3pt; background: none repeat scroll 0% 0% rgb(231, 231, 231);" valign="top"><p><span style="color: navy; font-weight: bold;">Memory</span></p></td> <td style="padding: 3pt; background: none repeat scroll 0% 0% rgb(231, 231, 231);" valign="top"><p>4GB DDR3/1333 2 x SO-DIMM</p></td></tr> <tr><td style="padding: 3pt; background: none repeat scroll 0% 0% rgb(231, 231, 231);" valign="top"><p><span style="color: navy; font-weight: bold;">Video Graphics</span></p></td> <td style="padding: 3pt; background: none repeat scroll 0% 0% rgb(231, 231, 231);" valign="top"><p>NVIDIA® GeForce® 520M with 1GB DDR3 VRAM</p></td></tr> <tr><td style="padding: 3pt; background: none repeat scroll 0% 0% rgb(231, 231, 231);" valign="top"><p><span style="color: navy; font-weight: bold;">Hard Drive</span></p></td> <td style="padding: 3pt; background: none repeat scroll 0% 0% rgb(231, 231, 231);" valign="top"><p>500GB 5400 rpm SATA</p></td></tr> <tr><td style="padding: 3pt; background: none repeat scroll 0% 0% white;" valign="top"><p><span style="color: navy; font-weight: bold;">Multimedia Drive</span></p></td> <td style="padding: 3pt; background: none repeat scroll 0% 0% white;" valign="top"><p>DVDRW +/- Double Layer</p></td></tr> <tr style="height: 10.15pt;"><td style="padding: 3pt; background: none repeat scroll 0% 0% white; height: 10.15pt;" valign="top"><p><span style="color: navy; font-weight: bold;">Integrated</span></p></td> <td style="padding: 3pt; background: none repeat scroll 0% 0% white; height: 10.15pt;" valign="top"><p>&nbsp;</p></td></tr> <tr><td style="padding: 3pt; background: none repeat scroll 0% 0% rgb(231, 231, 231);" valign="top"><p><span style="color: navy; font-weight: bold;">Display</span></p></td> <td style="padding: 3pt; background: none repeat scroll 0% 0% rgb(231, 231, 231);" valign="top"><p>14" HD Color Shine (LED backlight)</p></td></tr> <tr><td style="padding: 3pt; background: none repeat scroll 0% 0% rgb(231, 231, 231);" valign="top"><p><span style="color: navy; font-weight: bold;">Network Card</span></p></td> <td style="padding: 3pt; background: none repeat scroll 0% 0% rgb(231, 231, 231);" valign="top"><p>High Speed</p></td></tr> <tr><td style="padding: 3pt; background: none repeat scroll 0% 0% white;" valign="top"><p><span style="color: navy; font-weight: bold;">Wireless Connectivity</span></p></td> <td style="padding: 3pt; background: none repeat scroll 0% 0% white;" valign="top"><p>802.11 a/g/n Chuẩn N</p></td></tr> <tr><td style="padding: 3pt; background: none repeat scroll 0% 0% white;" valign="top"><p><span style="color: navy; font-weight: bold;">Keyboard</span></p></td> <td style="padding: 3pt; background: none repeat scroll 0% 0% white;" valign="top"><p><span style="color: navy;"><span style="color: rgb(0, 0, 0);">Standard</span> </span></p></td></tr> <tr><td style="padding: 3pt; background: none repeat scroll 0% 0% rgb(231, 231, 231);" valign="top"><p><span style="color: navy; font-weight: bold;">Pointing Device</span></p></td> <td style="padding: 3pt; background: none repeat scroll 0% 0% rgb(231, 231, 231);" valign="top"><p><span style="color: navy;"><span style="color: rgb(0, 0, 0);">Multi point</span> </span></p></td></tr> <tr style="height: 14.65pt;"><td style="padding: 3pt; background: none repeat scroll 0% 0% rgb(231, 231, 231); height: 14.65pt;" valign="top"><p><span style="color: navy; font-weight: bold;">External Ports</span></p></td> <td style="padding: 3pt; background: none repeat scroll 0% 0% rgb(231, 231, 231); height: 14.65pt;" valign="top">&nbsp;1 x Microphone-in jack/1 x HDMI1 x Headphone-out jack1 x VGA port/Mini D-sub 15-pin for external monitor/ 3 x USB 2.0 port(s)1 x RJ45 LAN Jack for LAN insert</td></tr></tbody></table>', '', 'kseries');
INSERT INTO `sanpham` VALUES (11, 'Asus K43SJ-VX474 (K43SJ-3JVX) – VÀNG', 'asus4.jpg', 15240000, '<table style="background: none repeat scroll 0% 0% rgb(204, 204, 204);" border="0" cellpadding="0" cellspacing="1" width="100%"><tbody><tr><td style="padding: 10pt; width: 150px;"><p style="text-align: center;"><span style="color: navy; font-weight: bold;">Thông số</span><span class="themebody"><span style="color: navy; font-weight: bold;">&nbsp;</span></span><span style="font-weight: bold;">&nbsp;</span></p></td> <td style="padding: 10pt;"><p style="text-align: center;">Asus K43SJ-VX474 (K43SJ-3JVX) – VÀNG</p></td></tr> <tr><td style="padding: 3pt; background: none repeat scroll 0% 0% rgb(231, 231, 231);" valign="top"><p><span style="color: navy; font-weight: bold;">Microprocessor</span></p></td> <td style="padding: 3pt; background: none repeat scroll 0% 0% rgb(231, 231, 231);" valign="top"><p>Intel Core i5&nbsp; 2430M&nbsp; 2.4GHz&nbsp; Turbo Boost&nbsp; upto 2.9Ghz</p></td></tr> <tr><td style="padding: 3pt; background: none repeat scroll 0% 0% white;" valign="top"><p><span style="color: navy; font-weight: bold;">Microprocessor Cache</span></p></td> <td style="padding: 3pt; background: none repeat scroll 0% 0% white;" valign="top"><p>3MB</p></td></tr> <tr><td style="padding: 3pt; background: none repeat scroll 0% 0% rgb(231, 231, 231);" valign="top"><p><span style="color: navy; font-weight: bold;">Memory</span></p></td> <td style="padding: 3pt; background: none repeat scroll 0% 0% rgb(231, 231, 231);" valign="top"><p>2GB DDR3</p></td></tr> <tr><td style="padding: 3pt; background: none repeat scroll 0% 0% rgb(231, 231, 231);" valign="top"><p><span style="color: navy; font-weight: bold;">Video Graphics</span></p></td> <td style="padding: 3pt; background: none repeat scroll 0% 0% rgb(231, 231, 231);" valign="top"><p>NVIDIA® GeForce® 520M with 1GB DDR3 VRAM</p></td></tr> <tr><td style="padding: 3pt; background: none repeat scroll 0% 0% rgb(231, 231, 231);" valign="top"><p><span style="color: navy; font-weight: bold;">Hard Drive</span></p></td> <td style="padding: 3pt; background: none repeat scroll 0% 0% rgb(231, 231, 231);" valign="top"><p>500GB 5400 rpm SATA</p></td></tr> <tr><td style="padding: 3pt; background: none repeat scroll 0% 0% white;" valign="top"><p><span style="color: navy; font-weight: bold;">Multimedia Drive</span></p></td> <td style="padding: 3pt; background: none repeat scroll 0% 0% white;" valign="top"><p>DVDRW +/- Double Layer</p></td></tr> <tr style="height: 10.15pt;"><td style="padding: 3pt; background: none repeat scroll 0% 0% white; height: 10.15pt;" valign="top"><p><span style="color: navy; font-weight: bold;">Integrated</span></p></td> <td style="padding: 3pt; background: none repeat scroll 0% 0% white; height: 10.15pt;" valign="top"><p>&nbsp;</p></td></tr> <tr><td style="padding: 3pt; background: none repeat scroll 0% 0% rgb(231, 231, 231);" valign="top"><p><span style="color: navy; font-weight: bold;">Display</span></p></td> <td style="padding: 3pt; background: none repeat scroll 0% 0% rgb(231, 231, 231);" valign="top"><p>14" HD Color Shine (LED backlight)</p></td></tr> <tr><td style="padding: 3pt; background: none repeat scroll 0% 0% rgb(231, 231, 231);" valign="top"><p><span style="color: navy; font-weight: bold;">Network Card</span></p></td> <td style="padding: 3pt; background: none repeat scroll 0% 0% rgb(231, 231, 231);" valign="top"><p>High Speed</p></td></tr> <tr><td style="padding: 3pt; background: none repeat scroll 0% 0% white;" valign="top"><p><span style="color: navy; font-weight: bold;">Wireless Connectivity</span></p></td> <td style="padding: 3pt; background: none repeat scroll 0% 0% white;" valign="top"><p>802.11 a/g/n Chuẩn N</p></td></tr> <tr><td style="padding: 3pt; background: none repeat scroll 0% 0% white;" valign="top"><p><span style="color: navy; font-weight: bold;">Keyboard</span></p></td> <td style="padding: 3pt; background: none repeat scroll 0% 0% white;" valign="top"><p><span style="color: navy;"><span style="color: rgb(0, 0, 0);">Standard</span> </span></p></td></tr> <tr><td style="padding: 3pt; background: none repeat scroll 0% 0% rgb(231, 231, 231);" valign="top"><p><span style="color: navy; font-weight: bold;">Pointing Device</span></p></td> <td style="padding: 3pt; background: none repeat scroll 0% 0% rgb(231, 231, 231);" valign="top"><p><span style="color: navy;"><span style="color: rgb(0, 0, 0);">Multi Point</span> </span></p></td></tr> <tr style="height: 14.65pt;"><td style="padding: 3pt; background: none repeat scroll 0% 0% rgb(231, 231, 231); height: 14.65pt;" valign="top"><p><span style="color: navy; font-weight: bold;">External Ports</span></p></td> <td style="padding: 3pt; background: none repeat scroll 0% 0% rgb(231, 231, 231); height: 14.65pt;" valign="top">1 x Microphone-in jack/1 x HDMI1 x Headphone-out jack1 x VGA port/Mini D-sub 15-pin for external monitor/ 3 x USB 2.0 port(s)1 x RJ45 LAN Jack for LAN insert</td></tr></tbody></table>', '<table style="background: none repeat scroll 0% 0% rgb(204, 204, 204);" border="0" cellpadding="0" cellspacing="1" width="100%"><tbody><tr><td style="padding: 10pt; width: 150px;"><p style="text-align: center;"><span style="color: navy; font-weight: bold;">Thông số</span><span class="themebody"><span style="color: navy; font-weight: bold;">&nbsp;</span></span><span style="font-weight: bold;">&nbsp;</span></p></td> <td style="padding: 10pt;"><p style="text-align: center;">Asus K43SJ-VX474 (K43SJ-3JVX) – VÀNG</p></td></tr> <tr><td style="padding: 3pt; background: none repeat scroll 0% 0% rgb(231, 231, 231);" valign="top"><p><span style="color: navy; font-weight: bold;">Microprocessor</span></p></td> <td style="padding: 3pt; background: none repeat scroll 0% 0% rgb(231, 231, 231);" valign="top"><p>Intel Core i5&nbsp; 2430M&nbsp; 2.4GHz&nbsp; Turbo Boost&nbsp; upto 2.9Ghz</p></td></tr> <tr><td style="padding: 3pt; background: none repeat scroll 0% 0% white;" valign="top"><p><span style="color: navy; font-weight: bold;">Microprocessor Cache</span></p></td> <td style="padding: 3pt; background: none repeat scroll 0% 0% white;" valign="top"><p>3MB</p></td></tr> <tr><td style="padding: 3pt; background: none repeat scroll 0% 0% rgb(231, 231, 231);" valign="top"><p><span style="color: navy; font-weight: bold;">Memory</span></p></td> <td style="padding: 3pt; background: none repeat scroll 0% 0% rgb(231, 231, 231);" valign="top"><p>2GB DDR3</p></td></tr> <tr><td style="padding: 3pt; background: none repeat scroll 0% 0% rgb(231, 231, 231);" valign="top"><p><span style="color: navy; font-weight: bold;">Video Graphics</span></p></td> <td style="padding: 3pt; background: none repeat scroll 0% 0% rgb(231, 231, 231);" valign="top"><p>NVIDIA® GeForce® 520M with 1GB DDR3 VRAM</p></td></tr> <tr><td style="padding: 3pt; background: none repeat scroll 0% 0% rgb(231, 231, 231);" valign="top"><p><span style="color: navy; font-weight: bold;">Hard Drive</span></p></td> <td style="padding: 3pt; background: none repeat scroll 0% 0% rgb(231, 231, 231);" valign="top"><p>500GB 5400 rpm SATA</p></td></tr> <tr><td style="padding: 3pt; background: none repeat scroll 0% 0% white;" valign="top"><p><span style="color: navy; font-weight: bold;">Multimedia Drive</span></p></td> <td style="padding: 3pt; background: none repeat scroll 0% 0% white;" valign="top"><p>DVDRW +/- Double Layer</p></td></tr> <tr style="height: 10.15pt;"><td style="padding: 3pt; background: none repeat scroll 0% 0% white; height: 10.15pt;" valign="top"><p><span style="color: navy; font-weight: bold;">Integrated</span></p></td> <td style="padding: 3pt; background: none repeat scroll 0% 0% white; height: 10.15pt;" valign="top"><p>&nbsp;</p></td></tr> <tr><td style="padding: 3pt; background: none repeat scroll 0% 0% rgb(231, 231, 231);" valign="top"><p><span style="color: navy; font-weight: bold;">Display</span></p></td> <td style="padding: 3pt; background: none repeat scroll 0% 0% rgb(231, 231, 231);" valign="top"><p>14" HD Color Shine (LED backlight)</p></td></tr> <tr><td style="padding: 3pt; background: none repeat scroll 0% 0% rgb(231, 231, 231);" valign="top"><p><span style="color: navy; font-weight: bold;">Network Card</span></p></td> <td style="padding: 3pt; background: none repeat scroll 0% 0% rgb(231, 231, 231);" valign="top"><p>High Speed</p></td></tr> <tr><td style="padding: 3pt; background: none repeat scroll 0% 0% white;" valign="top"><p><span style="color: navy; font-weight: bold;">Wireless Connectivity</span></p></td> <td style="padding: 3pt; background: none repeat scroll 0% 0% white;" valign="top"><p>802.11 a/g/n Chuẩn N</p></td></tr> <tr><td style="padding: 3pt; background: none repeat scroll 0% 0% white;" valign="top"><p><span style="color: navy; font-weight: bold;">Keyboard</span></p></td> <td style="padding: 3pt; background: none repeat scroll 0% 0% white;" valign="top"><p><span style="color: navy;"><span style="color: rgb(0, 0, 0);">Standard</span> </span></p></td></tr> <tr><td style="padding: 3pt; background: none repeat scroll 0% 0% rgb(231, 231, 231);" valign="top"><p><span style="color: navy; font-weight: bold;">Pointing Device</span></p></td> <td style="padding: 3pt; background: none repeat scroll 0% 0% rgb(231, 231, 231);" valign="top"><p><span style="color: navy;"><span style="color: rgb(0, 0, 0);">Multi Point</span> </span></p></td></tr> <tr style="height: 14.65pt;"><td style="padding: 3pt; background: none repeat scroll 0% 0% rgb(231, 231, 231); height: 14.65pt;" valign="top"><p><span style="color: navy; font-weight: bold;">External Ports</span></p></td> <td style="padding: 3pt; background: none repeat scroll 0% 0% rgb(231, 231, 231); height: 14.65pt;" valign="top">1 x Microphone-in jack/1 x HDMI1 x Headphone-out jack1 x VGA port/Mini D-sub 15-pin for external monitor/ 3 x USB 2.0 port(s)1 x RJ45 LAN Jack for LAN insert</td></tr></tbody></table>', '', 'kseries');
INSERT INTO `sanpham` VALUES (12, 'Asus K43SJ-VX641 (K43SJ-3CVX) – NÂU BÓNG', 'asus5.jpg', 12430000, '<table style="background: none repeat scroll 0% 0% rgb(204, 204, 204);" border="0" cellpadding="0" cellspacing="1" width="100%"><tbody><tr><td style="padding: 10pt; width: 150px;"><p style="text-align: center;"><span style="color: navy; font-weight: bold;">Thông số</span><span class="themebody"><span style="color: navy; font-weight: bold;">&nbsp;</span></span><span style="font-weight: bold;">&nbsp;</span></p></td> <td style="padding: 10pt;"><p style="text-align: center;">Asus K43SJ-VX474 (K43SJ-3JVX) – VÀNG</p></td></tr> <tr><td style="padding: 3pt; background: none repeat scroll 0% 0% rgb(231, 231, 231);" valign="top"><p><span style="color: navy; font-weight: bold;">Microprocessor</span></p></td> <td style="padding: 3pt; background: none repeat scroll 0% 0% rgb(231, 231, 231);" valign="top"><p>Intel Core i5&nbsp; 2430M&nbsp; 2.4GHz&nbsp; Turbo Boost&nbsp; upto 2.9Ghz</p></td></tr> <tr><td style="padding: 3pt; background: none repeat scroll 0% 0% white;" valign="top"><p><span style="color: navy; font-weight: bold;">Microprocessor Cache</span></p></td> <td style="padding: 3pt; background: none repeat scroll 0% 0% white;" valign="top"><p>3MB</p></td></tr> <tr><td style="padding: 3pt; background: none repeat scroll 0% 0% rgb(231, 231, 231);" valign="top"><p><span style="color: navy; font-weight: bold;">Memory</span></p></td> <td style="padding: 3pt; background: none repeat scroll 0% 0% rgb(231, 231, 231);" valign="top"><p>2GB DDR3</p></td></tr> <tr><td style="padding: 3pt; background: none repeat scroll 0% 0% rgb(231, 231, 231);" valign="top"><p><span style="color: navy; font-weight: bold;">Video Graphics</span></p></td> <td style="padding: 3pt; background: none repeat scroll 0% 0% rgb(231, 231, 231);" valign="top"><p>NVIDIA® GeForce® 520M with 1GB DDR3 VRAM</p></td></tr> <tr><td style="padding: 3pt; background: none repeat scroll 0% 0% rgb(231, 231, 231);" valign="top"><p><span style="color: navy; font-weight: bold;">Hard Drive</span></p></td> <td style="padding: 3pt; background: none repeat scroll 0% 0% rgb(231, 231, 231);" valign="top"><p>500GB 5400 rpm SATA</p></td></tr> <tr><td style="padding: 3pt; background: none repeat scroll 0% 0% white;" valign="top"><p><span style="color: navy; font-weight: bold;">Multimedia Drive</span></p></td> <td style="padding: 3pt; background: none repeat scroll 0% 0% white;" valign="top"><p>DVDRW +/- Double Layer</p></td></tr> <tr style="height: 10.15pt;"><td style="padding: 3pt; background: none repeat scroll 0% 0% white; height: 10.15pt;" valign="top"><p><span style="color: navy; font-weight: bold;">Integrated</span></p></td> <td style="padding: 3pt; background: none repeat scroll 0% 0% white; height: 10.15pt;" valign="top"><p>&nbsp;</p></td></tr> <tr><td style="padding: 3pt; background: none repeat scroll 0% 0% rgb(231, 231, 231);" valign="top"><p><span style="color: navy; font-weight: bold;">Display</span></p></td> <td style="padding: 3pt; background: none repeat scroll 0% 0% rgb(231, 231, 231);" valign="top"><p>14" HD Color Shine (LED backlight)</p></td></tr> <tr><td style="padding: 3pt; background: none repeat scroll 0% 0% rgb(231, 231, 231);" valign="top"><p><span style="color: navy; font-weight: bold;">Network Card</span></p></td> <td style="padding: 3pt; background: none repeat scroll 0% 0% rgb(231, 231, 231);" valign="top"><p>High Speed</p></td></tr> <tr><td style="padding: 3pt; background: none repeat scroll 0% 0% white;" valign="top"><p><span style="color: navy; font-weight: bold;">Wireless Connectivity</span></p></td> <td style="padding: 3pt; background: none repeat scroll 0% 0% white;" valign="top"><p>802.11 a/g/n Chuẩn N</p></td></tr> <tr><td style="padding: 3pt; background: none repeat scroll 0% 0% white;" valign="top"><p><span style="color: navy; font-weight: bold;">Keyboard</span></p></td> <td style="padding: 3pt; background: none repeat scroll 0% 0% white;" valign="top"><p><span style="color: navy;"><span style="color: rgb(0, 0, 0);">Standard</span> </span></p></td></tr> <tr><td style="padding: 3pt; background: none repeat scroll 0% 0% rgb(231, 231, 231);" valign="top"><p><span style="color: navy; font-weight: bold;">Pointing Device</span></p></td> <td style="padding: 3pt; background: none repeat scroll 0% 0% rgb(231, 231, 231);" valign="top"><p><span style="color: navy;"><span style="color: rgb(0, 0, 0);">Multi Point</span> </span></p></td></tr> <tr style="height: 14.65pt;"><td style="padding: 3pt; background: none repeat scroll 0% 0% rgb(231, 231, 231); height: 14.65pt;" valign="top"><p><span style="color: navy; font-weight: bold;">External Ports</span></p></td> <td style="padding: 3pt; background: none repeat scroll 0% 0% rgb(231, 231, 231); height: 14.65pt;" valign="top">1 x Microphone-in jack/1 x HDMI1 x Headphone-out jack1 x VGA port/Mini D-sub 15-pin for external monitor/ 3 x USB 2.0 port(s)1 x RJ45 LAN Jack for LAN insert</td></tr></tbody></table>', '<table style="background: none repeat scroll 0% 0% rgb(204, 204, 204);" border="0" cellpadding="0" cellspacing="1" width="100%"><tbody><tr><td style="padding: 10pt; width: 150px;"><p style="text-align: center;"><span style="color: navy; font-weight: bold;">Thông số</span><span class="themebody"><span style="color: navy; font-weight: bold;">&nbsp;</span></span><span style="font-weight: bold;">&nbsp;</span></p></td> <td style="padding: 10pt;"><p style="text-align: center;">Asus K43SJ-VX474 (K43SJ-3JVX) – VÀNG</p></td></tr> <tr><td style="padding: 3pt; background: none repeat scroll 0% 0% rgb(231, 231, 231);" valign="top"><p><span style="color: navy; font-weight: bold;">Microprocessor</span></p></td> <td style="padding: 3pt; background: none repeat scroll 0% 0% rgb(231, 231, 231);" valign="top"><p>Intel Core i5&nbsp; 2430M&nbsp; 2.4GHz&nbsp; Turbo Boost&nbsp; upto 2.9Ghz</p></td></tr> <tr><td style="padding: 3pt; background: none repeat scroll 0% 0% white;" valign="top"><p><span style="color: navy; font-weight: bold;">Microprocessor Cache</span></p></td> <td style="padding: 3pt; background: none repeat scroll 0% 0% white;" valign="top"><p>3MB</p></td></tr> <tr><td style="padding: 3pt; background: none repeat scroll 0% 0% rgb(231, 231, 231);" valign="top"><p><span style="color: navy; font-weight: bold;">Memory</span></p></td> <td style="padding: 3pt; background: none repeat scroll 0% 0% rgb(231, 231, 231);" valign="top"><p>2GB DDR3</p></td></tr> <tr><td style="padding: 3pt; background: none repeat scroll 0% 0% rgb(231, 231, 231);" valign="top"><p><span style="color: navy; font-weight: bold;">Video Graphics</span></p></td> <td style="padding: 3pt; background: none repeat scroll 0% 0% rgb(231, 231, 231);" valign="top"><p>NVIDIA® GeForce® 520M with 1GB DDR3 VRAM</p></td></tr> <tr><td style="padding: 3pt; background: none repeat scroll 0% 0% rgb(231, 231, 231);" valign="top"><p><span style="color: navy; font-weight: bold;">Hard Drive</span></p></td> <td style="padding: 3pt; background: none repeat scroll 0% 0% rgb(231, 231, 231);" valign="top"><p>500GB 5400 rpm SATA</p></td></tr> <tr><td style="padding: 3pt; background: none repeat scroll 0% 0% white;" valign="top"><p><span style="color: navy; font-weight: bold;">Multimedia Drive</span></p></td> <td style="padding: 3pt; background: none repeat scroll 0% 0% white;" valign="top"><p>DVDRW +/- Double Layer</p></td></tr> <tr style="height: 10.15pt;"><td style="padding: 3pt; background: none repeat scroll 0% 0% white; height: 10.15pt;" valign="top"><p><span style="color: navy; font-weight: bold;">Integrated</span></p></td> <td style="padding: 3pt; background: none repeat scroll 0% 0% white; height: 10.15pt;" valign="top"><p>&nbsp;</p></td></tr> <tr><td style="padding: 3pt; background: none repeat scroll 0% 0% rgb(231, 231, 231);" valign="top"><p><span style="color: navy; font-weight: bold;">Display</span></p></td> <td style="padding: 3pt; background: none repeat scroll 0% 0% rgb(231, 231, 231);" valign="top"><p>14" HD Color Shine (LED backlight)</p></td></tr> <tr><td style="padding: 3pt; background: none repeat scroll 0% 0% rgb(231, 231, 231);" valign="top"><p><span style="color: navy; font-weight: bold;">Network Card</span></p></td> <td style="padding: 3pt; background: none repeat scroll 0% 0% rgb(231, 231, 231);" valign="top"><p>High Speed</p></td></tr> <tr><td style="padding: 3pt; background: none repeat scroll 0% 0% white;" valign="top"><p><span style="color: navy; font-weight: bold;">Wireless Connectivity</span></p></td> <td style="padding: 3pt; background: none repeat scroll 0% 0% white;" valign="top"><p>802.11 a/g/n Chuẩn N</p></td></tr> <tr><td style="padding: 3pt; background: none repeat scroll 0% 0% white;" valign="top"><p><span style="color: navy; font-weight: bold;">Keyboard</span></p></td> <td style="padding: 3pt; background: none repeat scroll 0% 0% white;" valign="top"><p><span style="color: navy;"><span style="color: rgb(0, 0, 0);">Standard</span> </span></p></td></tr> <tr><td style="padding: 3pt; background: none repeat scroll 0% 0% rgb(231, 231, 231);" valign="top"><p><span style="color: navy; font-weight: bold;">Pointing Device</span></p></td> <td style="padding: 3pt; background: none repeat scroll 0% 0% rgb(231, 231, 231);" valign="top"><p><span style="color: navy;"><span style="color: rgb(0, 0, 0);">Multi Point</span> </span></p></td></tr> <tr style="height: 14.65pt;"><td style="padding: 3pt; background: none repeat scroll 0% 0% rgb(231, 231, 231); height: 14.65pt;" valign="top"><p><span style="color: navy; font-weight: bold;">External Ports</span></p></td> <td style="padding: 3pt; background: none repeat scroll 0% 0% rgb(231, 231, 231); height: 14.65pt;" valign="top">1 x Microphone-in jack/1 x HDMI1 x Headphone-out jack1 x VGA port/Mini D-sub 15-pin for external monitor/ 3 x USB 2.0 port(s)1 x RJ45 LAN Jack for LAN insert</td></tr></tbody></table>', '', 'kseries');

-- --------------------------------------------------------

-- 
-- Table structure for table `thanhvien`
-- 

CREATE TABLE `thanhvien` (
  `id_thanhvien` int(10) unsigned NOT NULL auto_increment,
  `username` varchar(50) NOT NULL,
  `hoten` varchar(50) character set utf8 collate utf8_unicode_ci NOT NULL,
  `password` varchar(32) NOT NULL,
  `email` varchar(50) NOT NULL,
  `diachi` varchar(255) NOT NULL,
  `level` int(1) unsigned NOT NULL,
  PRIMARY KEY  (`id_thanhvien`)
) ENGINE=InnoDB  DEFAULT CHARSET=utf8 AUTO_INCREMENT=3 ;

-- 
-- Dumping data for table `thanhvien`
-- 

INSERT INTO `thanhvien` VALUES (1, 'thaithuan', 'Thái Thuận', '123', 'thaithuan@phpexample.net', '1 - Sao Hỏa - Thái Dương Hệ', 1);
INSERT INTO `thanhvien` VALUES (2, 'good', 'good', '456', 'mrheo@phpexample.net', '2 - Mặt Trăng - Thái Dương Hệ', 2);
